rate_theta,likelihood_relative_to_max
0.01,5.245732594909919e-07
0.019975,8.024628769109419e-06
0.029950000000000004,3.8970569781844205e-05
0.039925,0.00011824990434382815
0.04990000000000001,0.00027726492389169236
0.059875000000000005,0.0005522637084840239
0.06985000000000001,0.000982882700399665
0.07982500000000001,0.0016108808117745264
0.0898,0.0024790466334855973
0.099775,0.0036302617996533367
0.10975,0.0051067049424532345
0.11972500000000001,0.006949181952469277
0.1297,0.009196569447213213
0.13967500000000002,0.011885359450886344
0.14965000000000003,0.015049294307801135
0.15962500000000002,0.018719081795567392
0.16960000000000003,0.02292218127729754
0.17957500000000004,0.0276826525394917
0.18955000000000002,0.033021059708414846
0.19952500000000004,0.038954423326877374
0.20950000000000002,0.0454962143093154
0.21947500000000003,0.05265638407961961
0.22945000000000004,0.06044142573672651
0.23942500000000003,0.06885446159079278
0.24940000000000004,0.07789535287083106
0.259375,0.08756082782581671
0.26935000000000003,0.09784462482811646
0.27932500000000005,0.10873764744309765
0.28930000000000006,0.1202281287542564
0.29927500000000007,0.13230180253130247
0.30925,0.14494207910135623
0.31922500000000004,0.15813022403262988
0.32920000000000005,0.17184553796742089
0.33917500000000006,0.18606553614856525
0.34915000000000007,0.2007661263722114
0.359125,0.21592178427128608
0.36910000000000004,0.2315057249896507
0.37907500000000005,0.24749007044792107
0.38905000000000006,0.2638460115293966
0.3990250000000001,0.28054396462954834
0.40900000000000003,0.2975537221160824
0.41897500000000004,0.3148445963396053
0.42895000000000005,0.3323855569182507
0.43892500000000007,0.3501453610940683
0.4489000000000001,0.36809267702524334
0.4588750000000001,0.3861961999370484
0.46885000000000004,0.4044247611063718
0.47882500000000006,0.4227474297004114
0.48880000000000007,0.4411336075301122
0.4987750000000001,0.4595531168137638
0.50875,0.4779762810762105
0.5187250000000001,0.4963739993349357
0.5287000000000001,0.5147178137461081
0.5386750000000001,0.5329799709020172
0.5486500000000001,0.5511334769864518
0.558625,0.5691521470067882
0.5686000000000001,0.5870106483312246
0.5785750000000001,0.6046845387668738
0.5885500000000001,0.6221502994196564
0.5985250000000001,0.6393853625802928
0.6085,0.6563681348823698
0.6184750000000001,0.6730780159787003
0.6284500000000001,0.6894954129811027
0.6384250000000001,0.7056017509065325
0.6484000000000001,0.721379479369277
0.658375,0.7368120757548727
0.6683500000000001,0.7518840451065768
0.6783250000000001,0.7665809169497926
0.6883000000000001,0.7808892392738856
0.6982750000000001,0.7947965698843674
0.70825,0.8082914653316909
0.7182250000000001,0.8213634676158021
0.7282000000000001,0.8340030888583055
0.7381750000000001,0.8462017941266511
0.7481500000000001,0.8579519825871876
0.758125,0.8692469671562945
0.7681000000000001,0.8800809528111666
0.7780750000000001,0.8904490137141992
0.7880500000000001,0.9003470692973405
0.7980250000000001,0.9097718594452923
0.808,0.9187209189090464
0.8179750000000001,0.9271925510739923
0.8279500000000001,0.9351858011997108
0.8379250000000001,0.9427004292416286
0.8479000000000001,0.9497368823579317
0.8578750000000002,0.9562962671985716
0.8678500000000001,0.9623803220667779
0.8778250000000001,0.9679913890373637
0.8878000000000001,0.9731323861100973
0.8977750000000001,0.9778067794706938
0.9077500000000002,0.9820185559264337
0.9177250000000001,0.9857721955781078
0.9277000000000001,0.9890726447848837
0.9376750000000001,0.9919252894738407
0.9476500000000001,0.994335928841229
0.9576250000000002,0.9963107494881108
0.9676000000000001,0.9978563000287671
0.9775750000000001,0.9989794662062932
0.9875500000000001,0.99968744654593
0.9975250000000001,0.9999877285731343
1.0075,0.9998880656199243
1.0174750000000001,0.9993964542398398
1.0274500000000002,0.9985211122488196
1.037425,0.9972704574064339
1.0474,0.9956530867492366
1.0573750000000002,0.993677756585471
1.0673500000000002,0.9913533631580531
1.077325,0.9886889239805128
1.0873000000000002,0.9856935598485724
1.0972750000000002,0.982376477528122
1.10725,0.9787469531186106
1.1172250000000001,0.9748143160892312
1.1272000000000002,0.9705879339837961
1.137175,0.9660771977888108
1.1471500000000001,0.9612915079580112
1.1571250000000002,0.9562402610854599
1.1671000000000002,0.950932837218281
1.177075,0.9453785877991361
1.1870500000000002,0.9395868242277252
1.1970250000000002,0.9335668070298196
1.207,0.9273277356216652
1.2169750000000001,0.9208787386569891
1.2269500000000002,0.9142288649433511
1.236925,0.9073870749140894
1.2469000000000001,0.9003622326417688
1.2568750000000002,0.8931630983786961
1.2668500000000003,0.8857983216098216
1.276825,0.87827643460312
1.2868000000000002,0.8706058464424098
1.2967750000000002,0.862794837527457
1.30675,0.8548515545261308
1.3167250000000001,0.8467840057633903
1.3267000000000002,0.8386000570318551
1.3366750000000003,0.8303074278088038
1.3466500000000001,0.8219136878645026
1.3566250000000002,0.813426254246887
1.3666000000000003,0.8048523886277663
1.376575,0.7961991949958747
1.3865500000000002,0.7874736176822924
1.3965250000000002,0.7786824397039569
1.4065,0.7698322814112173
1.4164750000000002,0.7609295994256361
1.4264500000000002,0.7519806858544746
1.4364250000000003,0.7429916677686045
1.4464000000000001,0.7339685069308307
1.4563750000000002,0.7249169997619418
1.4663500000000003,0.7158427775320673
1.476325,0.7067513067652581
1.4863000000000002,0.6976478898454936
1.4962750000000002,0.6885376658126651
1.50625,0.6794256113373701
1.5162250000000002,0.6703165418637104
1.5262000000000002,0.6612151129095899
1.5361750000000003,0.652125821514338
1.5461500000000001,0.643053007823819
1.5561250000000002,0.6340008568034982
1.5661000000000003,0.6249734000702732
1.5760750000000001,0.6159745178341895
1.5860500000000002,0.6070079409414778
1.5960250000000002,0.5980772530106842
1.606,0.5891858926539422
1.6159750000000002,0.580337155775774
1.6259500000000002,0.5715341979420996
1.6359250000000003,0.5627800368124257
1.6459000000000001,0.5540775546284841
1.6558750000000002,0.5454295007528774
1.6658500000000003,0.5368384942515758
1.6758250000000001,0.528307026514367
1.6858000000000002,0.5198374639076538
1.6957750000000003,0.5114320504542417
1.7057500000000003,0.5030929105350241
1.7157250000000002,0.49482205160771453
1.7257000000000002,0.48662136693802915
1.7356750000000003,0.4784926383389589
1.7456500000000001,0.4704375389139885
1.7556250000000002,0.462457635800365
1.7656000000000003,0.4545543929087136
1.7755750000000001,0.44672917365553144
1.7855500000000002,0.4389832436852729
1.7955250000000003,0.4313177735789498
1.8055000000000003,0.42373384154636473
1.8154750000000002,0.4162324360992622
1.8254500000000002,0.40881445870287964
1.8354250000000003,0.4014807264035428
1.8454000000000002,0.39423197443011015
1.8553750000000002,0.38706885876724434
1.8653500000000003,0.3799919586986266
1.8753250000000001,0.37300177931838746
1.8853000000000002,0.3660987540091607
1.8952750000000003,0.3592832468853115
1.9052500000000003,0.3525555552000101
1.9152250000000002,0.34591591171495223
1.9252000000000002,0.3393644870316451
1.9351750000000003,0.3329013918832903
1.9451500000000002,0.32652667938640817
1.9551250000000002,0.3202403472514374
1.9651000000000003,0.3140423399516652
1.9750750000000004,0.307932550849916
1.9850500000000002,0.301910824282525
1.9950250000000003,0.295976957600207
2.0050000000000003,0.2901307031655151
2.014975,0.28437177030664945
2.02495,0.2786998272274575
2.034925,0.2731145028735347
2.0449,0.2676153887543934
2.054875,0.26220204072173403
2.06485,0.2568739807039053
2.074825,0.25163069839669766
2.0848,0.24647165291066458
2.094775,0.24139627437520592
2.10475,0.2364039654997027
2.114725,0.23149410309202867
2.1247000000000003,0.2266660395347956
2.134675,0.22191910421974065
2.14465,0.2172526049406796
2.1546250000000002,0.2126658292454931
2.1646,0.20815804574763508
2.174575,0.20372850539767692
2.18455,0.1993764427154309
2.194525,0.19510107698321136
2.2045,0.190901613400813
2.214475,0.1867772442028062
2.22445,0.18272714973876186
2.234425,0.1787504995170316
2.2444,0.1748464532127231
2.254375,0.17101416164052355
2.26435,0.16725276769302444
2.274325,0.16356140724521906
2.2843,0.1599392100258456
2.2942750000000003,0.1563853004562488
2.30425,0.15289879845745066
2.314225,0.14947882022610545
2.3242000000000003,0.14612447898003242
2.334175,0.1428348856740113
2.34415,0.13960914968652244
2.3541250000000002,0.1364463794781237
2.3641,0.13334568322214366
2.374075,0.13030616940837014
2.3840500000000002,0.12732694742041292
2.394025,0.12440712808741362
2.404,0.12154582421076551
2.413975,0.11874215106651048
2.42395,0.11599522688406538
2.433925,0.11330417330192757
2.4439,0.11066811580100097
2.453875,0.10808618411617862
2.46385,0.1055575126268062
2.473825,0.10308124072664498
2.4838,0.10065651317394526
2.4937750000000003,0.0982824804222281
2.50375,0.09595829893236925
2.513725,0.09368313146656475
2.5237000000000003,0.09145614736475324
2.533675,0.08927652280405443
2.54365,0.08714344104177733
2.5536250000000003,0.08505609264254192
2.5636,0.08301367569004389
2.573575,0.08101539598398444
2.5835500000000002,0.07906046722267815
2.593525,0.07714811117183822
2.6035,0.0752775578200283
2.613475,0.07344804552126301
2.62345,0.07165882112522429
2.633425,0.0699091400955523
2.6434,0.06819826661665995
2.653375,0.06652547368950748
2.6633500000000003,0.06489004321676377
2.673325,0.06329126607777331
2.6833,0.06172844219373166
2.6932750000000003,0.06020088058346851
2.70325,0.05870789941022297
2.713225,0.057248826019786266
2.7232000000000003,0.05582299697037895
2.733175,0.05442975805461844
2.74315,0.05306846431392166
2.7531250000000003,0.05173848004568161
2.7631,0.05043917880354355
2.773075,0.04916994339109879
2.7830500000000002,0.047930165849304845
2.793025,0.04671924743793192
2.803,0.04553659861132475
2.8129750000000002,0.04438163898876342
2.82295,0.0432537973196949
2.832925,0.04215251144410027
2.8429,0.04107722824825427
2.852875,0.04002740361612483
2.8628500000000003,0.03900250237665255
2.872825,0.03800199824714321
2.8828,0.03702537377299635
2.8927750000000003,0.036072120263988386
2.90275,0.035141737727318934
2.912725,0.034233734797622824
2.9227000000000003,0.03334762866414313
2.932675,0.032482944995254136
2.94265,0.03163921786051474
2.9526250000000003,0.03081598965042846
2.9626,0.03001281099407823
2.972575,0.029229240674798016
2.9825500000000003,0.028464845544038105
2.992525,0.027719200433574162
3.0025,0.026991888066203902
3.0124750000000002,0.02628249896507125
3.02245,0.025590631361750615
3.0324250000000004,0.024915891103218988
3.0424,0.024257891557839518
3.052375,0.023616253520473092
3.0623500000000003,0.02299060511683144
3.072325,0.02238058170717964
3.0823,0.021785825789490464
3.0922750000000003,0.021205986902150562
3.10225,0.020640721526311846
3.112225,0.02008969298797858
3.1222000000000003,0.01955257135991621
3.132175,0.019029033363463833
3.14215,0.018518762270328157
3.1521250000000003,0.01802144780443377
3.1621,0.017536786043900198
3.172075,0.017064479323212457
3.1820500000000003,0.016604236135649972
3.192025,0.016155771036033252
3.202,0.015718804543846165
3.2119750000000002,0.015293063046787776
3.22195,0.014878278704805596
3.2319250000000004,0.01447418935465744
3.2419000000000002,0.014080538415048777
3.251875,0.01369707479238747
3.2618500000000004,0.013323552787196975
3.271825,0.012959732001225322
3.2818,0.012605377245285512
3.2917750000000003,0.012260258447860701
3.30175,0.011924150564504658
3.311725,0.011596833488066503
3.3217000000000003,0.011278091959766494
3.331675,0.010967715481147614
3.34165,0.010665498226925356
3.3516250000000003,0.01037123895875738
3.3616,0.010084740939951833
3.371575,0.00980581185113198
3.3815500000000003,0.00953426370687317
3.391525,0.009269912773326517
3.4015000000000004,0.009012579486842155
3.4114750000000003,0.008762088373603587
3.42145,0.008518267970283397
3.4314250000000004,0.008280950745728736
3.4414000000000002,0.00804997302368493
3.451375,0.007825174906562652
3.4613500000000004,0.007606400200254771
3.471325,0.007393496340006698
3.4813,0.007186314317343168
3.4912750000000004,0.006984708608054129
3.50125,0.006788537101240625
3.511225,0.006597661029421085
3.5212000000000003,0.006411944899697624
3.531175,0.006231256425980948
3.54115,0.00605546646227187
3.5511250000000003,0.005884448936996599
3.5611,0.005718080788392487
3.5710750000000004,0.005556241900939837
3.5810500000000003,0.005398815042835409
3.591025,0.005245685804502083
3.6010000000000004,0.0050967425381288995
3.6109750000000003,0.004951876298235199
3.62095,0.004810980783252007
3.6309250000000004,0.004673952278113302
3.6409000000000002,0.004540689597849691
3.650875,0.004411094032176075
3.6608500000000004,0.00428506929106525
3.6708250000000002,0.004162521451298315
3.6808,0.004043358903982953
3.6907750000000004,0.003927492303030151
3.70075,0.003814834514579634
3.710725,0.003705300567364189
3.7207000000000003,0.0035988076040025974
3.730675,0.0034952748332109512
3.74065,0.003394623482921698
3.7506250000000003,0.003296776754299743
3.7606,0.003201659776644751
3.7705750000000005,0.003109199563168548
3.7805500000000003,0.0030193249676366525
3.790525,0.0029319666418624575
3.8005000000000004,0.002847056994043021
3.8104750000000003,0.002764530147924781
3.82045,0.002684321902787904
3.8304250000000004,0.002606369694237686
3.8404000000000003,0.0025306125557914144
3.850375,0.002456991081249125
3.8603500000000004,0.0023854473878366254
3.8703250000000002,0.002315925080109213
3.8803,0.0022483692146043734
3.8902750000000004,0.0021827262652319808
3.90025,0.002118944089390295
3.910225,0.002056971894796254
3.9202000000000004,0.0019967602070185796
3.930175,0.00193826083770214
3.9401500000000005,0.0018814268534721858
3.9501250000000003,0.0018262125455071189
3.9601,0.0017725733997684182
3.9700750000000005,0.001720466067876561
3.9800500000000003,0.0016698483386217513
3.990025,0.001620679110098338
4.0,0.0015729183624520228
