x,theta_exact,best_affine,feature_linear
-1.0,1.0,0.3333333333333333,1.0
-0.9975,0.9950062500000001,0.3333333333333333,0.9950062500000001
-0.995,0.990025,0.3333333333333333,0.990025
-0.9925,0.9850562500000001,0.3333333333333333,0.9850562500000001
-0.99,0.9801,0.3333333333333333,0.9801
-0.9875,0.9751562500000001,0.3333333333333333,0.9751562500000001
-0.985,0.970225,0.3333333333333333,0.970225
-0.9825,0.96530625,0.3333333333333333,0.96530625
-0.98,0.9603999999999999,0.3333333333333333,0.9603999999999999
-0.9775,0.9555062500000001,0.3333333333333333,0.9555062500000001
-0.975,0.9506249999999999,0.3333333333333333,0.9506249999999999
-0.9725,0.9457562500000001,0.3333333333333333,0.9457562500000001
-0.97,0.9409,0.3333333333333333,0.9409
-0.9675,0.93605625,0.3333333333333333,0.93605625
-0.965,0.931225,0.3333333333333333,0.931225
-0.9625,0.9264062500000001,0.3333333333333333,0.9264062500000001
-0.96,0.9216,0.3333333333333333,0.9216
-0.9575,0.91680625,0.3333333333333333,0.91680625
-0.955,0.912025,0.3333333333333333,0.912025
-0.9525,0.90725625,0.3333333333333333,0.90725625
-0.95,0.9025,0.3333333333333333,0.9025
-0.9475,0.89775625,0.3333333333333333,0.89775625
-0.945,0.893025,0.3333333333333333,0.893025
-0.9425,0.88830625,0.3333333333333333,0.88830625
-0.94,0.8835999999999999,0.3333333333333333,0.8835999999999999
-0.9375,0.87890625,0.3333333333333333,0.87890625
-0.935,0.8742250000000001,0.3333333333333333,0.8742250000000001
-0.9325,0.86955625,0.3333333333333333,0.86955625
-0.9299999999999999,0.8648999999999999,0.3333333333333333,0.8648999999999999
-0.9275,0.86025625,0.3333333333333333,0.86025625
-0.925,0.8556250000000001,0.3333333333333333,0.8556250000000001
-0.9225,0.85100625,0.3333333333333333,0.85100625
-0.92,0.8464,0.3333333333333333,0.8464
-0.9175,0.84180625,0.3333333333333333,0.84180625
-0.915,0.8372250000000001,0.3333333333333333,0.8372250000000001
-0.9125,0.83265625,0.3333333333333333,0.83265625
-0.91,0.8281000000000001,0.3333333333333333,0.8281000000000001
-0.9075,0.82355625,0.3333333333333333,0.82355625
-0.905,0.819025,0.3333333333333333,0.819025
-0.9025,0.81450625,0.3333333333333333,0.81450625
-0.9,0.81,0.3333333333333333,0.81
-0.8975,0.80550625,0.3333333333333333,0.80550625
-0.895,0.801025,0.3333333333333333,0.801025
-0.8925,0.79655625,0.3333333333333333,0.79655625
-0.89,0.7921,0.3333333333333333,0.7921
-0.8875,0.78765625,0.3333333333333333,0.78765625
-0.885,0.7832250000000001,0.3333333333333333,0.7832250000000001
-0.8825,0.7788062499999999,0.3333333333333333,0.7788062499999999
-0.88,0.7744,0.3333333333333333,0.7744
-0.8775,0.7700062499999999,0.3333333333333333,0.7700062499999999
-0.875,0.765625,0.3333333333333333,0.765625
-0.8725,0.7612562500000001,0.3333333333333333,0.7612562500000001
-0.87,0.7569,0.3333333333333333,0.7569
-0.8674999999999999,0.7525562499999999,0.3333333333333333,0.7525562499999999
-0.865,0.748225,0.3333333333333333,0.748225
-0.8625,0.7439062500000001,0.3333333333333333,0.7439062500000001
-0.86,0.7395999999999999,0.3333333333333333,0.7395999999999999
-0.8574999999999999,0.7353062499999998,0.3333333333333333,0.7353062499999998
-0.855,0.7310249999999999,0.3333333333333333,0.7310249999999999
-0.8525,0.7267562500000001,0.3333333333333333,0.7267562500000001
-0.85,0.7224999999999999,0.3333333333333333,0.7224999999999999
-0.8475,0.71825625,0.3333333333333333,0.71825625
-0.845,0.7140249999999999,0.3333333333333333,0.7140249999999999
-0.8425,0.7098062500000001,0.3333333333333333,0.7098062500000001
-0.84,0.7055999999999999,0.3333333333333333,0.7055999999999999
-0.8375,0.70140625,0.3333333333333333,0.70140625
-0.835,0.697225,0.3333333333333333,0.697225
-0.8325,0.69305625,0.3333333333333333,0.69305625
-0.83,0.6889,0.3333333333333333,0.6889
-0.8275,0.6847562500000001,0.3333333333333333,0.6847562500000001
-0.825,0.6806249999999999,0.3333333333333333,0.6806249999999999
-0.8225,0.67650625,0.3333333333333333,0.67650625
-0.8200000000000001,0.6724000000000001,0.3333333333333333,0.6724000000000001
-0.8175,0.66830625,0.3333333333333333,0.66830625
-0.815,0.664225,0.3333333333333333,0.664225
-0.8125,0.66015625,0.3333333333333333,0.66015625
-0.81,0.6561000000000001,0.3333333333333333,0.6561000000000001
-0.8075,0.65205625,0.3333333333333333,0.65205625
-0.8049999999999999,0.6480249999999999,0.3333333333333333,0.6480249999999999
-0.8025,0.64400625,0.3333333333333333,0.64400625
-0.8,0.6400000000000001,0.3333333333333333,0.6400000000000001
-0.7975,0.63600625,0.3333333333333333,0.63600625
-0.7949999999999999,0.6320249999999998,0.3333333333333333,0.6320249999999998
-0.7925,0.62805625,0.3333333333333333,0.62805625
-0.79,0.6241000000000001,0.3333333333333333,0.6241000000000001
-0.7875,0.62015625,0.3333333333333333,0.62015625
-0.785,0.616225,0.3333333333333333,0.616225
-0.7825,0.6123062499999999,0.3333333333333333,0.6123062499999999
-0.78,0.6084,0.3333333333333333,0.6084
-0.7775,0.6045062499999999,0.3333333333333333,0.6045062499999999
-0.775,0.6006250000000001,0.3333333333333333,0.6006250000000001
-0.7725,0.59675625,0.3333333333333333,0.59675625
-0.77,0.5929,0.3333333333333333,0.5929
-0.7675,0.58905625,0.3333333333333333,0.58905625
-0.765,0.585225,0.3333333333333333,0.585225
-0.7625,0.5814062499999999,0.3333333333333333,0.5814062499999999
-0.76,0.5776,0.3333333333333333,0.5776
-0.7575000000000001,0.5738062500000001,0.3333333333333333,0.5738062500000001
-0.755,0.570025,0.3333333333333333,0.570025
-0.7525,0.5662562499999999,0.3333333333333333,0.5662562499999999
-0.75,0.5625,0.3333333333333333,0.5625
-0.7475,0.5587562500000001,0.3333333333333333,0.5587562500000001
-0.745,0.555025,0.3333333333333333,0.555025
-0.7424999999999999,0.5513062499999999,0.3333333333333333,0.5513062499999999
-0.74,0.5476,0.3333333333333333,0.5476
-0.7375,0.54390625,0.3333333333333333,0.54390625
-0.735,0.540225,0.3333333333333333,0.540225
-0.7324999999999999,0.5365562499999998,0.3333333333333333,0.5365562499999998
-0.73,0.5328999999999999,0.3333333333333333,0.5328999999999999
-0.7275,0.5292562500000001,0.3333333333333333,0.5292562500000001
-0.725,0.525625,0.3333333333333333,0.525625
-0.7224999999999999,0.5220062499999999,0.3333333333333333,0.5220062499999999
-0.72,0.5184,0.3333333333333333,0.5184
-0.7175,0.51480625,0.3333333333333333,0.51480625
-0.715,0.5112249999999999,0.3333333333333333,0.5112249999999999
-0.7124999999999999,0.5076562499999999,0.3333333333333333,0.5076562499999999
-0.71,0.5041,0.3333333333333333,0.5041
-0.7075,0.50055625,0.3333333333333333,0.50055625
-0.7050000000000001,0.4970250000000001,0.3333333333333333,0.4970250000000001
-0.7025,0.49350625000000004,0.3333333333333333,0.49350625000000004
-0.7,0.48999999999999994,0.3333333333333333,0.48999999999999994
-0.6975,0.48650625000000003,0.3333333333333333,0.48650625000000003
-0.6950000000000001,0.4830250000000001,0.3333333333333333,0.4830250000000001
-0.6925,0.47955625,0.3333333333333333,0.47955625
-0.69,0.4760999999999999,0.3333333333333333,0.4760999999999999
-0.6875,0.47265625,0.3333333333333333,0.47265625
-0.685,0.46922500000000006,0.3333333333333333,0.46922500000000006
-0.6825,0.46580625,0.3333333333333333,0.46580625
-0.6799999999999999,0.4623999999999999,0.3333333333333333,0.4623999999999999
-0.6775,0.45900625,0.3333333333333333,0.45900625
-0.675,0.45562500000000006,0.3333333333333333,0.45562500000000006
-0.6725,0.45225624999999997,0.3333333333333333,0.45225624999999997
-0.6699999999999999,0.4488999999999999,0.3333333333333333,0.4488999999999999
-0.6675,0.44555625,0.3333333333333333,0.44555625
-0.665,0.44222500000000003,0.3333333333333333,0.44222500000000003
-0.6625,0.43890625,0.3333333333333333,0.43890625
-0.6599999999999999,0.4355999999999999,0.3333333333333333,0.4355999999999999
-0.6575,0.43230624999999995,0.3333333333333333,0.43230624999999995
-0.655,0.42902500000000005,0.3333333333333333,0.42902500000000005
-0.6525,0.42575624999999995,0.3333333333333333,0.42575624999999995
-0.6499999999999999,0.4224999999999999,0.3333333333333333,0.4224999999999999
-0.6475,0.41925624999999994,0.3333333333333333,0.41925624999999994
-0.645,0.41602500000000003,0.3333333333333333,0.41602500000000003
-0.6425000000000001,0.4128062500000001,0.3333333333333333,0.4128062500000001
-0.64,0.4096,0.3333333333333333,0.4096
-0.6375,0.40640624999999997,0.3333333333333333,0.40640624999999997
-0.635,0.403225,0.3333333333333333,0.403225
-0.6325000000000001,0.40005625000000006,0.3333333333333333,0.40005625000000006
-0.63,0.39690000000000003,0.3333333333333333,0.39690000000000003
-0.6275,0.3937562499999999,0.3333333333333333,0.3937562499999999
-0.625,0.390625,0.3333333333333333,0.390625
-0.6225,0.38750625000000005,0.3333333333333333,0.38750625000000005
-0.62,0.3844,0.3333333333333333,0.3844
-0.6174999999999999,0.3813062499999999,0.3333333333333333,0.3813062499999999
-0.615,0.378225,0.3333333333333333,0.378225
-0.6125,0.3751562500000001,0.3333333333333333,0.3751562500000001
-0.61,0.3721,0.3333333333333333,0.3721
-0.6074999999999999,0.3690562499999999,0.3333333333333333,0.3690562499999999
-0.605,0.366025,0.3333333333333333,0.366025
-0.6025,0.36300625000000003,0.3333333333333333,0.36300625000000003
-0.6,0.36,0.3333333333333333,0.36
-0.5974999999999999,0.3570062499999999,0.3333333333333333,0.3570062499999999
-0.595,0.354025,0.3333333333333333,0.354025
-0.5925,0.35105625,0.3333333333333333,0.35105625
-0.59,0.34809999999999997,0.3333333333333333,0.34809999999999997
-0.5874999999999999,0.3451562499999999,0.3333333333333333,0.3451562499999999
-0.585,0.34222499999999995,0.3333333333333333,0.34222499999999995
-0.5825,0.33930625000000003,0.3333333333333333,0.33930625000000003
-0.5800000000000001,0.3364000000000001,0.3333333333333333,0.3364000000000001
-0.5775,0.33350625,0.3333333333333333,0.33350625
-0.575,0.33062499999999995,0.3333333333333333,0.33062499999999995
-0.5725,0.32775625,0.3333333333333333,0.32775625
-0.5700000000000001,0.3249000000000001,0.3333333333333333,0.3249000000000001
-0.5675,0.32205625,0.3333333333333333,0.32205625
-0.565,0.3192249999999999,0.3333333333333333,0.3192249999999999
-0.5625,0.31640625,0.3333333333333333,0.31640625
-0.56,0.31360000000000005,0.3333333333333333,0.31360000000000005
-0.5575,0.31080625,0.3333333333333333,0.31080625
-0.5549999999999999,0.30802499999999994,0.3333333333333333,0.30802499999999994
-0.5525,0.30525625,0.3333333333333333,0.30525625
-0.55,0.30250000000000005,0.3333333333333333,0.30250000000000005
-0.5475,0.29975625,0.3333333333333333,0.29975625
-0.5449999999999999,0.29702499999999993,0.3333333333333333,0.29702499999999993
-0.5425,0.29430625,0.3333333333333333,0.29430625
-0.54,0.2916,0.3333333333333333,0.2916
-0.5375,0.28890625,0.3333333333333333,0.28890625
-0.5349999999999999,0.2862249999999999,0.3333333333333333,0.2862249999999999
-0.5325,0.28355624999999995,0.3333333333333333,0.28355624999999995
-0.53,0.28090000000000004,0.3333333333333333,0.28090000000000004
-0.5275,0.27825625,0.3333333333333333,0.27825625
-0.5249999999999999,0.2756249999999999,0.3333333333333333,0.2756249999999999
-0.5225,0.27300624999999995,0.3333333333333333,0.27300624999999995
-0.52,0.27040000000000003,0.3333333333333333,0.27040000000000003
-0.5175000000000001,0.2678062500000001,0.3333333333333333,0.2678062500000001
-0.515,0.265225,0.3333333333333333,0.265225
-0.5125,0.26265625,0.3333333333333333,0.26265625
-0.51,0.2601,0.3333333333333333,0.2601
-0.5075000000000001,0.25755625000000004,0.3333333333333333,0.25755625000000004
-0.505,0.255025,0.3333333333333333,0.255025
-0.5025,0.25250624999999993,0.3333333333333333,0.25250624999999993
-0.5,0.25,0.3333333333333333,0.25
-0.49749999999999994,0.24750624999999996,0.3333333333333333,0.24750624999999996
-0.495,0.245025,0.3333333333333333,0.245025
-0.49249999999999994,0.24255624999999995,0.3333333333333333,0.24255624999999995
-0.49,0.24009999999999998,0.3333333333333333,0.24009999999999998
-0.48750000000000004,0.23765625000000004,0.3333333333333333,0.23765625000000004
-0.485,0.235225,0.3333333333333333,0.235225
-0.48250000000000004,0.23280625000000005,0.3333333333333333,0.23280625000000005
-0.48,0.2304,0.3333333333333333,0.2304
-0.47750000000000004,0.22800625000000002,0.3333333333333333,0.22800625000000002
-0.475,0.225625,0.3333333333333333,0.225625
-0.47250000000000003,0.22325625000000002,0.3333333333333333,0.22325625000000002
-0.47,0.22089999999999999,0.3333333333333333,0.22089999999999999
-0.4675,0.21855625000000004,0.3333333333333333,0.21855625000000004
-0.46499999999999997,0.21622499999999997,0.3333333333333333,0.21622499999999997
-0.4625,0.21390625000000002,0.3333333333333333,0.21390625000000002
-0.45999999999999996,0.21159999999999995,0.3333333333333333,0.21159999999999995
-0.4575,0.20930625000000003,0.3333333333333333,0.20930625000000003
-0.45499999999999996,0.20702499999999996,0.3333333333333333,0.20702499999999996
-0.4525,0.20475625,0.3333333333333333,0.20475625
-0.44999999999999996,0.20249999999999996,0.3333333333333333,0.20249999999999996
-0.4475,0.20025625,0.3333333333333333,0.20025625
-0.44499999999999995,0.19802499999999995,0.3333333333333333,0.19802499999999995
-0.4425,0.19580625000000002,0.3333333333333333,0.19580625000000002
-0.43999999999999995,0.19359999999999997,0.3333333333333333,0.19359999999999997
-0.4375,0.19140625,0.3333333333333333,0.19140625
-0.43499999999999994,0.18922499999999995,0.3333333333333333,0.18922499999999995
-0.4325,0.18705625,0.3333333333333333,0.18705625
-0.42999999999999994,0.18489999999999995,0.3333333333333333,0.18489999999999995
-0.4275,0.18275624999999998,0.3333333333333333,0.18275624999999998
-0.42499999999999993,0.18062499999999995,0.3333333333333333,0.18062499999999995
-0.4225,0.17850624999999998,0.3333333333333333,0.17850624999999998
-0.42000000000000004,0.17640000000000003,0.3333333333333333,0.17640000000000003
-0.4175,0.17430625,0.3333333333333333,0.17430625
-0.41500000000000004,0.17222500000000002,0.3333333333333333,0.17222500000000002
-0.4125,0.17015624999999998,0.3333333333333333,0.17015624999999998
-0.41000000000000003,0.16810000000000003,0.3333333333333333,0.16810000000000003
-0.4075,0.16605625,0.3333333333333333,0.16605625
-0.405,0.16402500000000003,0.3333333333333333,0.16402500000000003
-0.40249999999999997,0.16200624999999996,0.3333333333333333,0.16200624999999996
-0.4,0.16000000000000003,0.3333333333333333,0.16000000000000003
-0.39749999999999996,0.15800624999999996,0.3333333333333333,0.15800624999999996
-0.395,0.15602500000000002,0.3333333333333333,0.15602500000000002
-0.39249999999999996,0.15405624999999998,0.3333333333333333,0.15405624999999998
-0.39,0.1521,0.3333333333333333,0.1521
-0.38749999999999996,0.15015624999999996,0.3333333333333333,0.15015624999999996
-0.385,0.148225,0.3333333333333333,0.148225
-0.38249999999999995,0.14630624999999997,0.3333333333333333,0.14630624999999997
-0.38,0.1444,0.3333333333333333,0.1444
-0.37749999999999995,0.14250624999999997,0.3333333333333333,0.14250624999999997
-0.375,0.140625,0.3333333333333333,0.140625
-0.37249999999999994,0.13875624999999997,0.3333333333333333,0.13875624999999997
-0.37,0.1369,0.3333333333333333,0.1369
-0.36749999999999994,0.13505624999999996,0.3333333333333333,0.13505624999999996
-0.365,0.13322499999999998,0.3333333333333333,0.13322499999999998
-0.36249999999999993,0.13140624999999995,0.3333333333333333,0.13140624999999995
-0.36,0.1296,0.3333333333333333,0.1296
-0.35750000000000004,0.12780625000000004,0.3333333333333333,0.12780625000000004
-0.355,0.126025,0.3333333333333333,0.126025
-0.35250000000000004,0.12425625000000003,0.3333333333333333,0.12425625000000003
-0.35,0.12249999999999998,0.3333333333333333,0.12249999999999998
-0.34750000000000003,0.12075625000000002,0.3333333333333333,0.12075625000000002
-0.345,0.11902499999999998,0.3333333333333333,0.11902499999999998
-0.3425,0.11730625000000001,0.3333333333333333,0.11730625000000001
-0.33999999999999997,0.11559999999999998,0.3333333333333333,0.11559999999999998
-0.3375,0.11390625000000001,0.3333333333333333,0.11390625000000001
-0.33499999999999996,0.11222499999999998,0.3333333333333333,0.11222499999999998
-0.3325,0.11055625000000001,0.3333333333333333,0.11055625000000001
-0.32999999999999996,0.10889999999999997,0.3333333333333333,0.10889999999999997
-0.3275,0.10725625000000001,0.3333333333333333,0.10725625000000001
-0.32499999999999996,0.10562499999999997,0.3333333333333333,0.10562499999999997
-0.3225,0.10400625000000001,0.3333333333333333,0.10400625000000001
-0.31999999999999995,0.10239999999999996,0.3333333333333333,0.10239999999999996
-0.3175,0.10080625,0.3333333333333333,0.10080625
-0.31499999999999995,0.09922499999999997,0.3333333333333333,0.09922499999999997
-0.3125,0.09765625,0.3333333333333333,0.09765625
-0.30999999999999994,0.09609999999999996,0.3333333333333333,0.09609999999999996
-0.3075,0.09455625,0.3333333333333333,0.09455625
-0.30499999999999994,0.09302499999999997,0.3333333333333333,0.09302499999999997
-0.3025,0.09150625,0.3333333333333333,0.09150625
-0.29999999999999993,0.08999999999999996,0.3333333333333333,0.08999999999999996
-0.2975,0.08850625,0.3333333333333333,0.08850625
-0.29500000000000004,0.08702500000000002,0.3333333333333333,0.08702500000000002
-0.2925,0.08555624999999999,0.3333333333333333,0.08555624999999999
-0.29000000000000004,0.08410000000000002,0.3333333333333333,0.08410000000000002
-0.2875,0.08265624999999999,0.3333333333333333,0.08265624999999999
-0.28500000000000003,0.08122500000000002,0.3333333333333333,0.08122500000000002
-0.2825,0.07980624999999998,0.3333333333333333,0.07980624999999998
-0.28,0.07840000000000001,0.3333333333333333,0.07840000000000001
-0.27749999999999997,0.07700624999999998,0.3333333333333333,0.07700624999999998
-0.275,0.07562500000000001,0.3333333333333333,0.07562500000000001
-0.27249999999999996,0.07425624999999998,0.3333333333333333,0.07425624999999998
-0.27,0.0729,0.3333333333333333,0.0729
-0.26749999999999996,0.07155624999999997,0.3333333333333333,0.07155624999999997
-0.265,0.07022500000000001,0.3333333333333333,0.07022500000000001
-0.26249999999999996,0.06890624999999997,0.3333333333333333,0.06890624999999997
-0.26,0.06760000000000001,0.3333333333333333,0.06760000000000001
-0.25749999999999995,0.06630624999999997,0.3333333333333333,0.06630624999999997
-0.255,0.065025,0.3333333333333333,0.065025
-0.25249999999999995,0.06375624999999997,0.3333333333333333,0.06375624999999997
-0.25,0.0625,0.3333333333333333,0.0625
-0.24749999999999994,0.06125624999999997,0.3333333333333333,0.06125624999999997
-0.245,0.060024999999999995,0.3333333333333333,0.060024999999999995
-0.24249999999999994,0.05880624999999997,0.3333333333333333,0.05880624999999997
-0.24,0.0576,0.3333333333333333,0.0576
-0.23749999999999993,0.05640624999999997,0.3333333333333333,0.05640624999999997
-0.235,0.055224999999999996,0.3333333333333333,0.055224999999999996
-0.23249999999999993,0.054056249999999965,0.3333333333333333,0.054056249999999965
-0.22999999999999998,0.05289999999999999,0.3333333333333333,0.05289999999999999
-0.22750000000000004,0.05175625000000002,0.3333333333333333,0.05175625000000002
-0.22499999999999998,0.05062499999999999,0.3333333333333333,0.05062499999999999
-0.22250000000000003,0.049506250000000016,0.3333333333333333,0.049506250000000016
-0.21999999999999997,0.04839999999999999,0.3333333333333333,0.04839999999999999
-0.21750000000000003,0.047306250000000015,0.3333333333333333,0.047306250000000015
-0.21499999999999997,0.04622499999999999,0.3333333333333333,0.04622499999999999
-0.21250000000000002,0.04515625000000001,0.3333333333333333,0.04515625000000001
-0.20999999999999996,0.044099999999999986,0.3333333333333333,0.044099999999999986
-0.20750000000000002,0.043056250000000004,0.3333333333333333,0.043056250000000004
-0.20499999999999996,0.042024999999999986,0.3333333333333333,0.042024999999999986
-0.2025,0.04100625000000001,0.3333333333333333,0.04100625000000001
-0.19999999999999996,0.03999999999999998,0.3333333333333333,0.03999999999999998
-0.1975,0.039006250000000006,0.3333333333333333,0.039006250000000006
-0.19499999999999995,0.03802499999999998,0.3333333333333333,0.03802499999999998
-0.1925,0.03705625,0.3333333333333333,0.03705625
-0.18999999999999995,0.03609999999999998,0.3333333333333333,0.03609999999999998
-0.1875,0.03515625,0.3333333333333333,0.03515625
-0.18499999999999994,0.03422499999999998,0.3333333333333333,0.03422499999999998
-0.1825,0.033306249999999996,0.3333333333333333,0.033306249999999996
-0.17999999999999994,0.03239999999999998,0.3333333333333333,0.03239999999999998
-0.1775,0.03150625,0.3333333333333333,0.03150625
-0.17499999999999993,0.030624999999999975,0.3333333333333333,0.030624999999999975
-0.1725,0.029756249999999995,0.3333333333333333,0.029756249999999995
-0.16999999999999993,0.028899999999999974,0.3333333333333333,0.028899999999999974
-0.16749999999999998,0.028056249999999994,0.3333333333333333,0.028056249999999994
-0.16500000000000004,0.027225000000000013,0.3333333333333333,0.027225000000000013
-0.16249999999999998,0.026406249999999992,0.3333333333333333,0.026406249999999992
-0.16000000000000003,0.02560000000000001,0.3333333333333333,0.02560000000000001
-0.15749999999999997,0.02480624999999999,0.3333333333333333,0.02480624999999999
-0.15500000000000003,0.024025000000000008,0.3333333333333333,0.024025000000000008
-0.15249999999999997,0.023256249999999992,0.3333333333333333,0.023256249999999992
-0.15000000000000002,0.022500000000000006,0.3333333333333333,0.022500000000000006
-0.14749999999999996,0.02175624999999999,0.3333333333333333,0.02175624999999999
-0.14500000000000002,0.021025000000000005,0.3333333333333333,0.021025000000000005
-0.14249999999999996,0.020306249999999988,0.3333333333333333,0.020306249999999988
-0.14,0.019600000000000003,0.3333333333333333,0.019600000000000003
-0.13749999999999996,0.01890624999999999,0.3333333333333333,0.01890624999999999
-0.135,0.018225,0.3333333333333333,0.018225
-0.13249999999999995,0.01755624999999999,0.3333333333333333,0.01755624999999999
-0.13,0.016900000000000002,0.3333333333333333,0.016900000000000002
-0.12749999999999995,0.016256249999999986,0.3333333333333333,0.016256249999999986
-0.125,0.015625,0.3333333333333333,0.015625
-0.12249999999999994,0.015006249999999987,0.3333333333333333,0.015006249999999987
-0.12,0.0144,0.3333333333333333,0.0144
-0.11749999999999994,0.013806249999999985,0.3333333333333333,0.013806249999999985
-0.11499999999999999,0.013224999999999997,0.3333333333333333,0.013224999999999997
-0.11249999999999993,0.012656249999999985,0.3333333333333333,0.012656249999999985
-0.10999999999999999,0.012099999999999998,0.3333333333333333,0.012099999999999998
-0.10749999999999993,0.011556249999999985,0.3333333333333333,0.011556249999999985
-0.10499999999999998,0.011024999999999997,0.3333333333333333,0.011024999999999997
-0.10250000000000004,0.010506250000000007,0.3333333333333333,0.010506250000000007
-0.09999999999999998,0.009999999999999995,0.3333333333333333,0.009999999999999995
-0.09750000000000003,0.009506250000000006,0.3333333333333333,0.009506250000000006
-0.09499999999999997,0.009024999999999995,0.3333333333333333,0.009024999999999995
-0.09250000000000003,0.008556250000000005,0.3333333333333333,0.008556250000000005
-0.08999999999999997,0.008099999999999994,0.3333333333333333,0.008099999999999994
-0.08750000000000002,0.007656250000000004,0.3333333333333333,0.007656250000000004
-0.08499999999999996,0.007224999999999994,0.3333333333333333,0.007224999999999994
-0.08250000000000002,0.006806250000000003,0.3333333333333333,0.006806250000000003
-0.07999999999999996,0.006399999999999993,0.3333333333333333,0.006399999999999993
-0.07750000000000001,0.006006250000000002,0.3333333333333333,0.006006250000000002
-0.07499999999999996,0.005624999999999994,0.3333333333333333,0.005624999999999994
-0.07250000000000001,0.005256250000000001,0.3333333333333333,0.005256250000000001
-0.06999999999999995,0.004899999999999993,0.3333333333333333,0.004899999999999993
-0.0675,0.00455625,0.3333333333333333,0.00455625
-0.06499999999999995,0.004224999999999993,0.3333333333333333,0.004224999999999993
-0.0625,0.00390625,0.3333333333333333,0.00390625
-0.05999999999999994,0.003599999999999993,0.3333333333333333,0.003599999999999993
-0.057499999999999996,0.0033062499999999993,0.3333333333333333,0.0033062499999999993
-0.05499999999999994,0.003024999999999993,0.3333333333333333,0.003024999999999993
-0.05249999999999999,0.002756249999999999,0.3333333333333333,0.002756249999999999
-0.04999999999999993,0.0024999999999999935,0.3333333333333333,0.0024999999999999935
-0.04749999999999999,0.0022562499999999987,0.3333333333333333,0.0022562499999999987
-0.04499999999999993,0.002024999999999994,0.3333333333333333,0.002024999999999994
-0.04249999999999998,0.0018062499999999984,0.3333333333333333,0.0018062499999999984
-0.040000000000000036,0.001600000000000003,0.3333333333333333,0.001600000000000003
-0.03749999999999998,0.0014062499999999984,0.3333333333333333,0.0014062499999999984
-0.03500000000000003,0.0012250000000000021,0.3333333333333333,0.0012250000000000021
-0.03249999999999997,0.0010562499999999982,0.3333333333333333,0.0010562499999999982
-0.030000000000000027,0.0009000000000000016,0.3333333333333333,0.0009000000000000016
-0.02749999999999997,0.0007562499999999982,0.3333333333333333,0.0007562499999999982
-0.025000000000000022,0.0006250000000000011,0.3333333333333333,0.0006250000000000011
-0.022499999999999964,0.0005062499999999985,0.3333333333333333,0.0005062499999999985
-0.020000000000000018,0.0004000000000000007,0.3333333333333333,0.0004000000000000007
-0.01749999999999996,0.0003062499999999986,0.3333333333333333,0.0003062499999999986
-0.015000000000000013,0.0002250000000000004,0.3333333333333333,0.0002250000000000004
-0.012499999999999956,0.0001562499999999989,0.3333333333333333,0.0001562499999999989
-0.010000000000000009,0.00010000000000000018,0.3333333333333333,0.00010000000000000018
-0.007499999999999951,5.624999999999927e-05,0.3333333333333333,5.624999999999927e-05
-0.0050000000000000044,2.5000000000000045e-05,0.3333333333333333,2.5000000000000045e-05
-0.0024999999999999467,6.2499999999997335e-06,0.3333333333333333,6.2499999999997335e-06
0.0,0.0,0.3333333333333333,0.0
0.0024999999999999467,6.2499999999997335e-06,0.3333333333333333,6.2499999999997335e-06
0.0050000000000001155,2.5000000000001153e-05,0.3333333333333333,2.5000000000001153e-05
0.007500000000000062,5.6250000000000934e-05,0.3333333333333333,5.6250000000000934e-05
0.010000000000000009,0.00010000000000000018,0.3333333333333333,0.00010000000000000018
0.012499999999999956,0.0001562499999999989,0.3333333333333333,0.0001562499999999989
0.015000000000000124,0.00022500000000000373,0.3333333333333333,0.00022500000000000373
0.01750000000000007,0.0003062500000000025,0.3333333333333333,0.0003062500000000025
0.020000000000000018,0.0004000000000000007,0.3333333333333333,0.0004000000000000007
0.022499999999999964,0.0005062499999999985,0.3333333333333333,0.0005062499999999985
0.02499999999999991,0.0006249999999999956,0.3333333333333333,0.0006249999999999956
0.02750000000000008,0.0007562500000000044,0.3333333333333333,0.0007562500000000044
0.030000000000000027,0.0009000000000000016,0.3333333333333333,0.0009000000000000016
0.03249999999999997,0.0010562499999999982,0.3333333333333333,0.0010562499999999982
0.03499999999999992,0.0012249999999999943,0.3333333333333333,0.0012249999999999943
0.03750000000000009,0.0014062500000000067,0.3333333333333333,0.0014062500000000067
0.040000000000000036,0.001600000000000003,0.3333333333333333,0.001600000000000003
0.04249999999999998,0.0018062499999999984,0.3333333333333333,0.0018062499999999984
0.04499999999999993,0.002024999999999994,0.3333333333333333,0.002024999999999994
0.0475000000000001,0.002256250000000009,0.3333333333333333,0.002256250000000009
0.050000000000000044,0.0025000000000000044,0.3333333333333333,0.0025000000000000044
0.05249999999999999,0.002756249999999999,0.3333333333333333,0.002756249999999999
0.05499999999999994,0.003024999999999993,0.3333333333333333,0.003024999999999993
0.05750000000000011,0.0033062500000000123,0.3333333333333333,0.0033062500000000123
0.06000000000000005,0.0036000000000000064,0.3333333333333333,0.0036000000000000064
0.0625,0.00390625,0.3333333333333333,0.00390625
0.06499999999999995,0.004224999999999993,0.3333333333333333,0.004224999999999993
0.06750000000000012,0.004556250000000016,0.3333333333333333,0.004556250000000016
0.07000000000000006,0.0049000000000000085,0.3333333333333333,0.0049000000000000085
0.07250000000000001,0.005256250000000001,0.3333333333333333,0.005256250000000001
0.07499999999999996,0.005624999999999994,0.3333333333333333,0.005624999999999994
0.07750000000000012,0.006006250000000019,0.3333333333333333,0.006006250000000019
0.08000000000000007,0.006400000000000012,0.3333333333333333,0.006400000000000012
0.08250000000000002,0.006806250000000003,0.3333333333333333,0.006806250000000003
0.08499999999999996,0.007224999999999994,0.3333333333333333,0.007224999999999994
0.08750000000000013,0.007656250000000023,0.3333333333333333,0.007656250000000023
0.09000000000000008,0.008100000000000015,0.3333333333333333,0.008100000000000015
0.09250000000000003,0.008556250000000005,0.3333333333333333,0.008556250000000005
0.09499999999999997,0.009024999999999995,0.3333333333333333,0.009024999999999995
0.09749999999999992,0.009506249999999985,0.3333333333333333,0.009506249999999985
0.10000000000000009,0.010000000000000018,0.3333333333333333,0.010000000000000018
0.10250000000000004,0.010506250000000007,0.3333333333333333,0.010506250000000007
0.10499999999999998,0.011024999999999997,0.3333333333333333,0.011024999999999997
0.10749999999999993,0.011556249999999985,0.3333333333333333,0.011556249999999985
0.1100000000000001,0.012100000000000022,0.3333333333333333,0.012100000000000022
0.11250000000000004,0.01265625000000001,0.3333333333333333,0.01265625000000001
0.11499999999999999,0.013224999999999997,0.3333333333333333,0.013224999999999997
0.11749999999999994,0.013806249999999985,0.3333333333333333,0.013806249999999985
0.1200000000000001,0.014400000000000026,0.3333333333333333,0.014400000000000026
0.12250000000000005,0.015006250000000013,0.3333333333333333,0.015006250000000013
0.125,0.015625,0.3333333333333333,0.015625
0.12749999999999995,0.016256249999999986,0.3333333333333333,0.016256249999999986
0.13000000000000012,0.01690000000000003,0.3333333333333333,0.01690000000000003
0.13250000000000006,0.017556250000000016,0.3333333333333333,0.017556250000000016
0.135,0.018225,0.3333333333333333,0.018225
0.13749999999999996,0.01890624999999999,0.3333333333333333,0.01890624999999999
0.14000000000000012,0.019600000000000034,0.3333333333333333,0.019600000000000034
0.14250000000000007,0.02030625000000002,0.3333333333333333,0.02030625000000002
0.14500000000000002,0.021025000000000005,0.3333333333333333,0.021025000000000005
0.14749999999999996,0.02175624999999999,0.3333333333333333,0.02175624999999999
0.15000000000000013,0.02250000000000004,0.3333333333333333,0.02250000000000004
0.15250000000000008,0.023256250000000023,0.3333333333333333,0.023256250000000023
0.15500000000000003,0.024025000000000008,0.3333333333333333,0.024025000000000008
0.15749999999999997,0.02480624999999999,0.3333333333333333,0.02480624999999999
0.15999999999999992,0.025599999999999973,0.3333333333333333,0.025599999999999973
0.1625000000000001,0.02640625000000003,0.3333333333333333,0.02640625000000003
0.16500000000000004,0.027225000000000013,0.3333333333333333,0.027225000000000013
0.16749999999999998,0.028056249999999994,0.3333333333333333,0.028056249999999994
0.16999999999999993,0.028899999999999974,0.3333333333333333,0.028899999999999974
0.1725000000000001,0.029756250000000033,0.3333333333333333,0.029756250000000033
0.17500000000000004,0.030625000000000017,0.3333333333333333,0.030625000000000017
0.1775,0.03150625,0.3333333333333333,0.03150625
0.17999999999999994,0.03239999999999998,0.3333333333333333,0.03239999999999998
0.1825000000000001,0.03330625000000004,0.3333333333333333,0.03330625000000004
0.18500000000000005,0.03422500000000002,0.3333333333333333,0.03422500000000002
0.1875,0.03515625,0.3333333333333333,0.03515625
0.18999999999999995,0.03609999999999998,0.3333333333333333,0.03609999999999998
0.19250000000000012,0.03705625000000005,0.3333333333333333,0.03705625000000005
0.19500000000000006,0.038025000000000024,0.3333333333333333,0.038025000000000024
0.1975,0.039006250000000006,0.3333333333333333,0.039006250000000006
0.19999999999999996,0.03999999999999998,0.3333333333333333,0.03999999999999998
0.20250000000000012,0.04100625000000005,0.3333333333333333,0.04100625000000005
0.20500000000000007,0.04202500000000003,0.3333333333333333,0.04202500000000003
0.20750000000000002,0.043056250000000004,0.3333333333333333,0.043056250000000004
0.20999999999999996,0.044099999999999986,0.3333333333333333,0.044099999999999986
0.21250000000000013,0.04515625000000006,0.3333333333333333,0.04515625000000006
0.21500000000000008,0.04622500000000004,0.3333333333333333,0.04622500000000004
0.21750000000000003,0.047306250000000015,0.3333333333333333,0.047306250000000015
0.21999999999999997,0.04839999999999999,0.3333333333333333,0.04839999999999999
0.22249999999999992,0.04950624999999997,0.3333333333333333,0.04950624999999997
0.2250000000000001,0.05062500000000004,0.3333333333333333,0.05062500000000004
0.22750000000000004,0.05175625000000002,0.3333333333333333,0.05175625000000002
0.22999999999999998,0.05289999999999999,0.3333333333333333,0.05289999999999999
0.23249999999999993,0.054056249999999965,0.3333333333333333,0.054056249999999965
0.2350000000000001,0.055225000000000045,0.3333333333333333,0.055225000000000045
0.23750000000000004,0.05640625000000002,0.3333333333333333,0.05640625000000002
0.24,0.0576,0.3333333333333333,0.0576
0.24249999999999994,0.05880624999999997,0.3333333333333333,0.05880624999999997
0.2450000000000001,0.06002500000000005,0.3333333333333333,0.06002500000000005
0.24750000000000005,0.061256250000000026,0.3333333333333333,0.061256250000000026
0.25,0.0625,0.3333333333333333,0.0625
0.25249999999999995,0.06375624999999997,0.3333333333333333,0.06375624999999997
0.2550000000000001,0.06502500000000005,0.3333333333333333,0.06502500000000005
0.25750000000000006,0.06630625000000004,0.3333333333333333,0.06630625000000004
0.26,0.06760000000000001,0.3333333333333333,0.06760000000000001
0.26249999999999996,0.06890624999999997,0.3333333333333333,0.06890624999999997
0.2650000000000001,0.07022500000000007,0.3333333333333333,0.07022500000000007
0.26750000000000007,0.07155625000000004,0.3333333333333333,0.07155625000000004
0.27,0.0729,0.3333333333333333,0.0729
0.27249999999999996,0.07425624999999998,0.3333333333333333,0.07425624999999998
0.27500000000000013,0.07562500000000007,0.3333333333333333,0.07562500000000007
0.2775000000000001,0.07700625000000004,0.3333333333333333,0.07700625000000004
0.28,0.07840000000000001,0.3333333333333333,0.07840000000000001
0.2825,0.07980624999999998,0.3333333333333333,0.07980624999999998
0.2849999999999999,0.08122499999999995,0.3333333333333333,0.08122499999999995
0.2875000000000001,0.08265625000000006,0.3333333333333333,0.08265625000000006
0.29000000000000004,0.08410000000000002,0.3333333333333333,0.08410000000000002
0.2925,0.08555624999999999,0.3333333333333333,0.08555624999999999
0.29499999999999993,0.08702499999999996,0.3333333333333333,0.08702499999999996
0.2975000000000001,0.08850625000000006,0.3333333333333333,0.08850625000000006
0.30000000000000004,0.09000000000000002,0.3333333333333333,0.09000000000000002
0.3025,0.09150625,0.3333333333333333,0.09150625
0.30499999999999994,0.09302499999999997,0.3333333333333333,0.09302499999999997
0.3075000000000001,0.09455625000000006,0.3333333333333333,0.09455625000000006
0.31000000000000005,0.09610000000000003,0.3333333333333333,0.09610000000000003
0.3125,0.09765625,0.3333333333333333,0.09765625
0.31499999999999995,0.09922499999999997,0.3333333333333333,0.09922499999999997
0.3175000000000001,0.10080625000000007,0.3333333333333333,0.10080625000000007
0.32000000000000006,0.10240000000000005,0.3333333333333333,0.10240000000000005
0.3225,0.10400625000000001,0.3333333333333333,0.10400625000000001
0.32499999999999996,0.10562499999999997,0.3333333333333333,0.10562499999999997
0.3275000000000001,0.10725625000000008,0.3333333333333333,0.10725625000000008
0.33000000000000007,0.10890000000000005,0.3333333333333333,0.10890000000000005
0.3325,0.11055625000000001,0.3333333333333333,0.11055625000000001
0.33499999999999996,0.11222499999999998,0.3333333333333333,0.11222499999999998
0.33750000000000013,0.11390625000000008,0.3333333333333333,0.11390625000000008
0.3400000000000001,0.11560000000000005,0.3333333333333333,0.11560000000000005
0.3425,0.11730625000000001,0.3333333333333333,0.11730625000000001
0.345,0.11902499999999998,0.3333333333333333,0.11902499999999998
0.3474999999999999,0.12075624999999994,0.3333333333333333,0.12075624999999994
0.3500000000000001,0.12250000000000007,0.3333333333333333,0.12250000000000007
0.35250000000000004,0.12425625000000003,0.3333333333333333,0.12425625000000003
0.355,0.126025,0.3333333333333333,0.126025
0.35749999999999993,0.12780624999999995,0.3333333333333333,0.12780624999999995
0.3600000000000001,0.12960000000000008,0.3333333333333333,0.12960000000000008
0.36250000000000004,0.13140625000000003,0.3333333333333333,0.13140625000000003
0.365,0.13322499999999998,0.3333333333333333,0.13322499999999998
0.36749999999999994,0.13505624999999996,0.3333333333333333,0.13505624999999996
0.3700000000000001,0.13690000000000008,0.3333333333333333,0.13690000000000008
0.37250000000000005,0.13875625000000005,0.3333333333333333,0.13875625000000005
0.375,0.140625,0.3333333333333333,0.140625
0.37749999999999995,0.14250624999999997,0.3333333333333333,0.14250624999999997
0.3800000000000001,0.14440000000000008,0.3333333333333333,0.14440000000000008
0.38250000000000006,0.14630625000000005,0.3333333333333333,0.14630625000000005
0.385,0.148225,0.3333333333333333,0.148225
0.38749999999999996,0.15015624999999996,0.3333333333333333,0.15015624999999996
0.3900000000000001,0.1521000000000001,0.3333333333333333,0.1521000000000001
0.39250000000000007,0.15405625000000006,0.3333333333333333,0.15405625000000006
0.395,0.15602500000000002,0.3333333333333333,0.15602500000000002
0.39749999999999996,0.15800624999999996,0.3333333333333333,0.15800624999999996
0.40000000000000013,0.16000000000000011,0.3333333333333333,0.16000000000000011
0.4025000000000001,0.16200625000000007,0.3333333333333333,0.16200625000000007
0.405,0.16402500000000003,0.3333333333333333,0.16402500000000003
0.4075,0.16605625,0.3333333333333333,0.16605625
0.4099999999999999,0.16809999999999994,0.3333333333333333,0.16809999999999994
0.4125000000000001,0.17015625000000006,0.3333333333333333,0.17015625000000006
0.41500000000000004,0.17222500000000002,0.3333333333333333,0.17222500000000002
0.4175,0.17430625,0.3333333333333333,0.17430625
0.41999999999999993,0.17639999999999995,0.3333333333333333,0.17639999999999995
0.4225000000000001,0.1785062500000001,0.3333333333333333,0.1785062500000001
0.42500000000000004,0.18062500000000004,0.3333333333333333,0.18062500000000004
0.4275,0.18275624999999998,0.3333333333333333,0.18275624999999998
0.42999999999999994,0.18489999999999995,0.3333333333333333,0.18489999999999995
0.4325000000000001,0.1870562500000001,0.3333333333333333,0.1870562500000001
0.43500000000000005,0.18922500000000006,0.3333333333333333,0.18922500000000006
0.4375,0.19140625,0.3333333333333333,0.19140625
0.43999999999999995,0.19359999999999997,0.3333333333333333,0.19359999999999997
0.4425000000000001,0.1958062500000001,0.3333333333333333,0.1958062500000001
0.44500000000000006,0.19802500000000006,0.3333333333333333,0.19802500000000006
0.4475,0.20025625,0.3333333333333333,0.20025625
0.44999999999999996,0.20249999999999996,0.3333333333333333,0.20249999999999996
0.4525000000000001,0.2047562500000001,0.3333333333333333,0.2047562500000001
0.45500000000000007,0.20702500000000007,0.3333333333333333,0.20702500000000007
0.4575,0.20930625000000003,0.3333333333333333,0.20930625000000003
0.45999999999999996,0.21159999999999995,0.3333333333333333,0.21159999999999995
0.46250000000000013,0.21390625000000013,0.3333333333333333,0.21390625000000013
0.4650000000000001,0.21622500000000008,0.3333333333333333,0.21622500000000008
0.4675,0.21855625000000004,0.3333333333333333,0.21855625000000004
0.47,0.22089999999999999,0.3333333333333333,0.22089999999999999
0.4724999999999999,0.22325624999999993,0.3333333333333333,0.22325624999999993
0.4750000000000001,0.22562500000000008,0.3333333333333333,0.22562500000000008
0.47750000000000004,0.22800625000000002,0.3333333333333333,0.22800625000000002
0.48,0.2304,0.3333333333333333,0.2304
0.48249999999999993,0.23280624999999994,0.3333333333333333,0.23280624999999994
0.4850000000000001,0.2352250000000001,0.3333333333333333,0.2352250000000001
0.48750000000000004,0.23765625000000004,0.3333333333333333,0.23765625000000004
0.49,0.24009999999999998,0.3333333333333333,0.24009999999999998
0.49249999999999994,0.24255624999999995,0.3333333333333333,0.24255624999999995
0.4950000000000001,0.2450250000000001,0.3333333333333333,0.2450250000000001
0.49750000000000005,0.24750625000000007,0.3333333333333333,0.24750625000000007
0.5,0.25,0.3333333333333333,0.25
0.5025,0.25250624999999993,0.3333333333333333,0.25250624999999993
0.5050000000000001,0.2550250000000001,0.3333333333333333,0.2550250000000001
0.5075000000000001,0.25755625000000004,0.3333333333333333,0.25755625000000004
0.51,0.2601,0.3333333333333333,0.2601
0.5125,0.26265625,0.3333333333333333,0.26265625
0.5150000000000001,0.26522500000000016,0.3333333333333333,0.26522500000000016
0.5175000000000001,0.2678062500000001,0.3333333333333333,0.2678062500000001
0.52,0.27040000000000003,0.3333333333333333,0.27040000000000003
0.5225,0.27300624999999995,0.3333333333333333,0.27300624999999995
0.5250000000000001,0.2756250000000001,0.3333333333333333,0.2756250000000001
0.5275000000000001,0.2782562500000001,0.3333333333333333,0.2782562500000001
0.53,0.28090000000000004,0.3333333333333333,0.28090000000000004
0.5325,0.28355624999999995,0.3333333333333333,0.28355624999999995
0.5350000000000001,0.2862250000000002,0.3333333333333333,0.2862250000000002
0.5375000000000001,0.2889062500000001,0.3333333333333333,0.2889062500000001
0.54,0.2916,0.3333333333333333,0.2916
0.5425,0.29430625,0.3333333333333333,0.29430625
0.5449999999999999,0.29702499999999993,0.3333333333333333,0.29702499999999993
0.5475000000000001,0.2997562500000001,0.3333333333333333,0.2997562500000001
0.55,0.30250000000000005,0.3333333333333333,0.30250000000000005
0.5525,0.30525625,0.3333333333333333,0.30525625
0.5549999999999999,0.30802499999999994,0.3333333333333333,0.30802499999999994
0.5575000000000001,0.3108062500000001,0.3333333333333333,0.3108062500000001
0.56,0.31360000000000005,0.3333333333333333,0.31360000000000005
0.5625,0.31640625,0.3333333333333333,0.31640625
0.565,0.3192249999999999,0.3333333333333333,0.3192249999999999
0.5675000000000001,0.32205625000000015,0.3333333333333333,0.32205625000000015
0.5700000000000001,0.3249000000000001,0.3333333333333333,0.3249000000000001
0.5725,0.32775625,0.3333333333333333,0.32775625
0.575,0.33062499999999995,0.3333333333333333,0.33062499999999995
0.5775000000000001,0.33350625000000017,0.3333333333333333,0.33350625000000017
0.5800000000000001,0.3364000000000001,0.3333333333333333,0.3364000000000001
0.5825,0.33930625000000003,0.3333333333333333,0.33930625000000003
0.585,0.34222499999999995,0.3333333333333333,0.34222499999999995
0.5875000000000001,0.34515625000000016,0.3333333333333333,0.34515625000000016
0.5900000000000001,0.3481000000000001,0.3333333333333333,0.3481000000000001
0.5925,0.35105625,0.3333333333333333,0.35105625
0.595,0.354025,0.3333333333333333,0.354025
0.5975000000000001,0.3570062500000002,0.3333333333333333,0.3570062500000002
0.6000000000000001,0.3600000000000001,0.3333333333333333,0.3600000000000001
0.6025,0.36300625000000003,0.3333333333333333,0.36300625000000003
0.605,0.366025,0.3333333333333333,0.366025
0.6074999999999999,0.3690562499999999,0.3333333333333333,0.3690562499999999
0.6100000000000001,0.3721000000000001,0.3333333333333333,0.3721000000000001
0.6125,0.3751562500000001,0.3333333333333333,0.3751562500000001
0.615,0.378225,0.3333333333333333,0.378225
0.6174999999999999,0.3813062499999999,0.3333333333333333,0.3813062499999999
0.6200000000000001,0.38440000000000013,0.3333333333333333,0.38440000000000013
0.6225,0.38750625000000005,0.3333333333333333,0.38750625000000005
0.625,0.390625,0.3333333333333333,0.390625
0.6275,0.3937562499999999,0.3333333333333333,0.3937562499999999
0.6300000000000001,0.39690000000000014,0.3333333333333333,0.39690000000000014
0.6325000000000001,0.40005625000000006,0.3333333333333333,0.40005625000000006
0.635,0.403225,0.3333333333333333,0.403225
0.6375,0.40640624999999997,0.3333333333333333,0.40640624999999997
0.6400000000000001,0.4096000000000002,0.3333333333333333,0.4096000000000002
0.6425000000000001,0.4128062500000001,0.3333333333333333,0.4128062500000001
0.645,0.41602500000000003,0.3333333333333333,0.41602500000000003
0.6475,0.41925624999999994,0.3333333333333333,0.41925624999999994
0.6500000000000001,0.42250000000000015,0.3333333333333333,0.42250000000000015
0.6525000000000001,0.4257562500000001,0.3333333333333333,0.4257562500000001
0.655,0.42902500000000005,0.3333333333333333,0.42902500000000005
0.6575,0.43230624999999995,0.3333333333333333,0.43230624999999995
0.6600000000000001,0.4356000000000002,0.3333333333333333,0.4356000000000002
0.6625000000000001,0.4389062500000001,0.3333333333333333,0.4389062500000001
0.665,0.44222500000000003,0.3333333333333333,0.44222500000000003
0.6675,0.44555625,0.3333333333333333,0.44555625
0.6699999999999999,0.4488999999999999,0.3333333333333333,0.4488999999999999
0.6725000000000001,0.45225625000000014,0.3333333333333333,0.45225625000000014
0.675,0.45562500000000006,0.3333333333333333,0.45562500000000006
0.6775,0.45900625,0.3333333333333333,0.45900625
0.6799999999999999,0.4623999999999999,0.3333333333333333,0.4623999999999999
0.6825000000000001,0.46580625000000014,0.3333333333333333,0.46580625000000014
0.685,0.46922500000000006,0.3333333333333333,0.46922500000000006
0.6875,0.47265625,0.3333333333333333,0.47265625
0.69,0.4760999999999999,0.3333333333333333,0.4760999999999999
0.6925000000000001,0.4795562500000002,0.3333333333333333,0.4795562500000002
0.6950000000000001,0.4830250000000001,0.3333333333333333,0.4830250000000001
0.6975,0.48650625000000003,0.3333333333333333,0.48650625000000003
0.7,0.48999999999999994,0.3333333333333333,0.48999999999999994
0.7025000000000001,0.4935062500000002,0.3333333333333333,0.4935062500000002
0.7050000000000001,0.4970250000000001,0.3333333333333333,0.4970250000000001
0.7075,0.50055625,0.3333333333333333,0.50055625
0.71,0.5041,0.3333333333333333,0.5041
0.7125000000000001,0.5076562500000001,0.3333333333333333,0.5076562500000001
0.7150000000000001,0.5112250000000002,0.3333333333333333,0.5112250000000002
0.7175,0.51480625,0.3333333333333333,0.51480625
0.72,0.5184,0.3333333333333333,0.5184
0.7225000000000001,0.5220062500000002,0.3333333333333333,0.5220062500000002
0.7250000000000001,0.5256250000000001,0.3333333333333333,0.5256250000000001
0.7275,0.5292562500000001,0.3333333333333333,0.5292562500000001
0.73,0.5328999999999999,0.3333333333333333,0.5328999999999999
0.7324999999999999,0.5365562499999998,0.3333333333333333,0.5365562499999998
0.7350000000000001,0.5402250000000002,0.3333333333333333,0.5402250000000002
0.7375,0.54390625,0.3333333333333333,0.54390625
0.74,0.5476,0.3333333333333333,0.5476
0.7424999999999999,0.5513062499999999,0.3333333333333333,0.5513062499999999
0.7450000000000001,0.5550250000000002,0.3333333333333333,0.5550250000000002
0.7475,0.5587562500000001,0.3333333333333333,0.5587562500000001
0.75,0.5625,0.3333333333333333,0.5625
0.7525,0.5662562499999999,0.3333333333333333,0.5662562499999999
0.7550000000000001,0.5700250000000002,0.3333333333333333,0.5700250000000002
0.7575000000000001,0.5738062500000001,0.3333333333333333,0.5738062500000001
0.76,0.5776,0.3333333333333333,0.5776
0.7625,0.5814062499999999,0.3333333333333333,0.5814062499999999
0.7650000000000001,0.5852250000000002,0.3333333333333333,0.5852250000000002
0.7675000000000001,0.5890562500000001,0.3333333333333333,0.5890562500000001
0.77,0.5929,0.3333333333333333,0.5929
0.7725,0.59675625,0.3333333333333333,0.59675625
0.7750000000000001,0.6006250000000002,0.3333333333333333,0.6006250000000002
0.7775000000000001,0.6045062500000001,0.3333333333333333,0.6045062500000001
0.78,0.6084,0.3333333333333333,0.6084
0.7825,0.6123062499999999,0.3333333333333333,0.6123062499999999
0.7850000000000001,0.6162250000000002,0.3333333333333333,0.6162250000000002
0.7875000000000001,0.6201562500000002,0.3333333333333333,0.6201562500000002
0.79,0.6241000000000001,0.3333333333333333,0.6241000000000001
0.7925,0.62805625,0.3333333333333333,0.62805625
0.7949999999999999,0.6320249999999998,0.3333333333333333,0.6320249999999998
0.7975000000000001,0.6360062500000001,0.3333333333333333,0.6360062500000001
0.8,0.6400000000000001,0.3333333333333333,0.6400000000000001
0.8025,0.64400625,0.3333333333333333,0.64400625
0.8049999999999999,0.6480249999999999,0.3333333333333333,0.6480249999999999
0.8075000000000001,0.6520562500000002,0.3333333333333333,0.6520562500000002
0.81,0.6561000000000001,0.3333333333333333,0.6561000000000001
0.8125,0.66015625,0.3333333333333333,0.66015625
0.815,0.664225,0.3333333333333333,0.664225
0.8175000000000001,0.6683062500000002,0.3333333333333333,0.6683062500000002
0.8200000000000001,0.6724000000000001,0.3333333333333333,0.6724000000000001
0.8225,0.67650625,0.3333333333333333,0.67650625
0.825,0.6806249999999999,0.3333333333333333,0.6806249999999999
0.8275000000000001,0.6847562500000002,0.3333333333333333,0.6847562500000002
0.8300000000000001,0.6889000000000001,0.3333333333333333,0.6889000000000001
0.8325,0.69305625,0.3333333333333333,0.69305625
0.835,0.697225,0.3333333333333333,0.697225
0.8375000000000001,0.7014062500000002,0.3333333333333333,0.7014062500000002
0.8400000000000001,0.7056000000000001,0.3333333333333333,0.7056000000000001
0.8425,0.7098062500000001,0.3333333333333333,0.7098062500000001
0.845,0.7140249999999999,0.3333333333333333,0.7140249999999999
0.8475000000000001,0.7182562500000003,0.3333333333333333,0.7182562500000003
0.8500000000000001,0.7225000000000001,0.3333333333333333,0.7225000000000001
0.8525,0.7267562500000001,0.3333333333333333,0.7267562500000001
0.855,0.7310249999999999,0.3333333333333333,0.7310249999999999
0.8574999999999999,0.7353062499999998,0.3333333333333333,0.7353062499999998
0.8600000000000001,0.7396000000000001,0.3333333333333333,0.7396000000000001
0.8625,0.7439062500000001,0.3333333333333333,0.7439062500000001
0.865,0.748225,0.3333333333333333,0.748225
0.8674999999999999,0.7525562499999999,0.3333333333333333,0.7525562499999999
0.8700000000000001,0.7569000000000002,0.3333333333333333,0.7569000000000002
0.8725,0.7612562500000001,0.3333333333333333,0.7612562500000001
0.875,0.765625,0.3333333333333333,0.765625
0.8775,0.7700062499999999,0.3333333333333333,0.7700062499999999
0.8800000000000001,0.7744000000000002,0.3333333333333333,0.7744000000000002
0.8825000000000001,0.7788062500000001,0.3333333333333333,0.7788062500000001
0.885,0.7832250000000001,0.3333333333333333,0.7832250000000001
0.8875,0.78765625,0.3333333333333333,0.78765625
0.8900000000000001,0.7921000000000002,0.3333333333333333,0.7921000000000002
0.8925000000000001,0.7965562500000001,0.3333333333333333,0.7965562500000001
0.895,0.801025,0.3333333333333333,0.801025
0.8975,0.80550625,0.3333333333333333,0.80550625
0.9000000000000001,0.8100000000000003,0.3333333333333333,0.8100000000000003
0.9025000000000001,0.8145062500000001,0.3333333333333333,0.8145062500000001
0.905,0.819025,0.3333333333333333,0.819025
0.9075,0.82355625,0.3333333333333333,0.82355625
0.9100000000000001,0.8281000000000003,0.3333333333333333,0.8281000000000003
0.9125000000000001,0.8326562500000002,0.3333333333333333,0.8326562500000002
0.915,0.8372250000000001,0.3333333333333333,0.8372250000000001
0.9175,0.84180625,0.3333333333333333,0.84180625
0.9199999999999999,0.8463999999999998,0.3333333333333333,0.8463999999999998
0.9225000000000001,0.8510062500000002,0.3333333333333333,0.8510062500000002
0.925,0.8556250000000001,0.3333333333333333,0.8556250000000001
0.9275,0.86025625,0.3333333333333333,0.86025625
0.9299999999999999,0.8648999999999999,0.3333333333333333,0.8648999999999999
0.9325000000000001,0.8695562500000003,0.3333333333333333,0.8695562500000003
0.935,0.8742250000000001,0.3333333333333333,0.8742250000000001
0.9375,0.87890625,0.3333333333333333,0.87890625
0.94,0.8835999999999999,0.3333333333333333,0.8835999999999999
0.9425000000000001,0.8883062500000002,0.3333333333333333,0.8883062500000002
0.9450000000000001,0.8930250000000001,0.3333333333333333,0.8930250000000001
0.9475,0.89775625,0.3333333333333333,0.89775625
0.95,0.9025,0.3333333333333333,0.9025
0.9525000000000001,0.9072562500000002,0.3333333333333333,0.9072562500000002
0.9550000000000001,0.9120250000000001,0.3333333333333333,0.9120250000000001
0.9575,0.91680625,0.3333333333333333,0.91680625
0.96,0.9216,0.3333333333333333,0.9216
0.9625000000000001,0.9264062500000002,0.3333333333333333,0.9264062500000002
0.9650000000000001,0.9312250000000002,0.3333333333333333,0.9312250000000002
0.9675,0.93605625,0.3333333333333333,0.93605625
0.97,0.9409,0.3333333333333333,0.9409
0.9725000000000001,0.9457562500000003,0.3333333333333333,0.9457562500000003
0.9750000000000001,0.9506250000000002,0.3333333333333333,0.9506250000000002
0.9775,0.9555062500000001,0.3333333333333333,0.9555062500000001
0.98,0.9603999999999999,0.3333333333333333,0.9603999999999999
0.9825000000000002,0.9653062500000003,0.3333333333333333,0.9653062500000003
0.9850000000000001,0.9702250000000002,0.3333333333333333,0.9702250000000002
0.9875,0.9751562500000001,0.3333333333333333,0.9751562500000001
0.99,0.9801,0.3333333333333333,0.9801
0.9924999999999999,0.9850562499999999,0.3333333333333333,0.9850562499999999
0.9950000000000001,0.9900250000000003,0.3333333333333333,0.9900250000000003
0.9975,0.9950062500000001,0.3333333333333333,0.9950062500000001
1.0,1.0,0.3333333333333333,1.0
