observation_x,posterior_lower,posterior_upper,posterior_mean,posterior_variance,affine_estimate,f_X,posterior_endpoint_is_limit
3.0,4.0,4.0,4.0,0.0,3.4000000000000004,0.0,True
3.01,4.0,4.01,4.005,8.333333333332978e-06,3.409,0.0008333333333333156,False
3.02,4.0,4.02,4.01,3.333333333333191e-05,3.418,0.0016666666666666312,False
3.03,4.0,4.029999999999999,4.015,7.49999999999968e-05,3.4269999999999996,0.0024999999999999467,False
3.04,4.0,4.04,4.02,0.00013333333333333358,3.436,0.003333333333333336,False
3.05,4.0,4.05,4.025,0.00020833333333333186,3.4450000000000003,0.004166666666666652,False
3.06,4.0,4.0600000000000005,4.03,0.00030000000000000496,3.4539999999999997,0.005000000000000042,False
3.07,4.0,4.07,4.035,0.00040833333333333666,3.463,0.005833333333333357,False
3.08,4.0,4.08,4.04,0.0005333333333333343,3.4720000000000004,0.006666666666666672,False
3.09,4.0,4.09,4.045,0.000674999999999998,3.481,0.0074999999999999884,False
3.1,4.0,4.1,4.05,0.0008333333333333274,3.49,0.008333333333333304,False
3.11,4.0,4.109999999999999,4.055,0.001008333333333323,3.4989999999999997,0.00916666666666662,False
3.12,4.0,4.12,4.0600000000000005,0.001200000000000002,3.508,0.010000000000000009,False
3.13,4.0,4.13,4.0649999999999995,0.0014083333333333309,3.5170000000000003,0.010833333333333325,False
3.14,4.0,4.140000000000001,4.07,0.0016333333333333467,3.526,0.011666666666666714,False
3.15,4.0,4.15,4.075,0.0018750000000000088,3.535,0.01250000000000003,False
3.16,4.0,4.16,4.08,0.0021333333333333373,3.5440000000000005,0.013333333333333345,False
3.17,4.0,4.17,4.085,0.0024083333333333313,3.553,0.01416666666666666,False
3.18,4.0,4.18,4.09,0.002699999999999992,3.5620000000000003,0.014999999999999977,False
3.19,4.0,4.1899999999999995,4.095,0.0030083333333333177,3.5709999999999997,0.015833333333333293,False
3.2,4.0,4.2,4.1,0.003333333333333339,3.58,0.01666666666666668,False
3.21,4.0,4.21,4.105,0.003674999999999999,3.5890000000000004,0.017499999999999998,False
3.22,4.0,4.220000000000001,4.11,0.004033333333333357,3.598,0.018333333333333385,False
3.23,4.0,4.23,4.115,0.00440833333333335,3.607,0.019166666666666703,False
3.24,4.0,4.24,4.12,0.004800000000000008,3.6160000000000005,0.020000000000000018,False
3.25,4.0,4.25,4.125,0.005208333333333333,3.625,0.020833333333333332,False
3.26,4.0,4.26,4.13,0.0056333333333333235,3.6339999999999995,0.02166666666666665,False
3.27,4.0,4.27,4.135,0.006074999999999981,3.643,0.022499999999999964,False
3.2800000000000002,4.0,4.28,4.140000000000001,0.006533333333333345,3.652,0.023333333333333355,False
3.29,4.0,4.29,4.145,0.007008333333333335,3.6610000000000005,0.02416666666666667,False
3.3,4.0,4.3,4.15,0.007499999999999992,3.67,0.024999999999999984,False
3.31,4.0,4.3100000000000005,4.155,0.008008333333333359,3.6790000000000003,0.025833333333333375,False
3.32,4.0,4.32,4.16,0.00853333333333335,3.6879999999999997,0.02666666666666669,False
3.33,4.0,4.33,4.165,0.009075000000000005,3.697,0.027500000000000007,False
3.34,4.0,4.34,4.17,0.009633333333333325,3.7059999999999995,0.02833333333333332,False
3.35,4.0,4.35,4.175,0.010208333333333312,3.715,0.029166666666666636,False
3.36,4.0,4.359999999999999,4.18,0.010799999999999968,3.724,0.029999999999999954,False
3.37,4.0,4.37,4.1850000000000005,0.01140833333333334,3.7330000000000005,0.03083333333333334,False
3.38,4.0,4.38,4.1899999999999995,0.012033333333333326,3.742,0.031666666666666655,False
3.39,4.0,4.390000000000001,4.195,0.012675000000000039,3.7510000000000003,0.03250000000000005,False
3.4,4.0,4.4,4.2,0.013333333333333357,3.76,0.03333333333333336,False
3.41,4.0,4.41,4.205,0.014008333333333343,3.769,0.03416666666666668,False
3.42,4.0,4.42,4.21,0.014699999999999996,3.7779999999999996,0.034999999999999996,False
3.43,4.0,4.43,4.215,0.015408333333333314,3.787,0.03583333333333331,False
3.44,4.0,4.4399999999999995,4.22,0.016133333333333295,3.7960000000000003,0.036666666666666625,False
3.45,4.0,4.45,4.225,0.01687500000000001,3.8050000000000006,0.03750000000000001,False
3.46,4.0,4.46,4.23,0.01763333333333333,3.814,0.03833333333333333,False
3.47,4.0,4.470000000000001,4.235,0.018408333333333384,3.8230000000000004,0.03916666666666672,False
3.48,4.0,4.48,4.24,0.019200000000000033,3.832,0.040000000000000036,False
3.49,4.0,4.49,4.245,0.02000833333333335,3.841,0.04083333333333335,False
3.5,4.0,4.5,4.25,0.020833333333333332,3.8499999999999996,0.041666666666666664,False
3.51,4.0,4.51,4.255,0.021674999999999982,3.859,0.04249999999999998,False
3.52,4.0,4.52,4.26,0.022533333333333294,3.8680000000000003,0.0433333333333333,False
3.5300000000000002,4.0,4.53,4.265000000000001,0.023408333333333354,3.8770000000000007,0.04416666666666669,False
3.54,4.0,4.54,4.27,0.024300000000000002,3.886,0.045000000000000005,False
3.55,4.0,4.55,4.275,0.02520833333333332,3.8949999999999996,0.045833333333333316,False
3.56,4.0,4.5600000000000005,4.28,0.02613333333333338,3.904,0.04666666666666671,False
3.5700000000000003,4.0,4.57,4.285,0.027075000000000026,3.9130000000000003,0.04750000000000002,False
3.58,4.0,4.58,4.29,0.02803333333333334,3.9219999999999997,0.04833333333333334,False
3.59,4.0,4.59,4.295,0.02900833333333332,3.931,0.04916666666666666,False
3.6,4.0,4.6,4.3,0.029999999999999968,3.9400000000000004,0.04999999999999997,False
3.61,4.0,4.609999999999999,4.305,0.031008333333333277,3.949,0.050833333333333286,False
3.62,4.0,4.62,4.3100000000000005,0.032033333333333344,3.958,0.05166666666666667,False
3.63,4.0,4.63,4.3149999999999995,0.033074999999999986,3.9669999999999996,0.05249999999999999,False
3.64,4.0,4.640000000000001,4.32,0.0341333333333334,3.976,0.05333333333333338,False
3.65,4.0,4.65,4.325,0.035208333333333376,3.9850000000000003,0.054166666666666696,False
3.66,4.0,4.66,4.33,0.03630000000000002,3.9939999999999998,0.055000000000000014,False
3.67,4.0,4.67,4.335,0.03740833333333333,4.003,0.055833333333333325,False
3.68,4.0,4.68,4.34,0.0385333333333333,4.0120000000000005,0.05666666666666664,False
3.69,4.0,4.6899999999999995,4.345,0.03967499999999994,4.021,0.05749999999999996,False
3.7,4.0,4.7,4.35,0.04083333333333335,4.03,0.05833333333333335,False
3.71,4.0,4.71,4.355,0.042008333333333335,4.039,0.059166666666666666,False
3.7199999999999998,4.0,4.72,4.359999999999999,0.04319999999999997,4.048,0.05999999999999998,False
3.73,4.0,4.73,4.365,0.04440833333333338,4.057,0.06083333333333337,False
3.74,4.0,4.74,4.37,0.04563333333333336,4.066,0.06166666666666668,False
3.75,4.0,4.75,4.375,0.046875,4.075,0.0625,False
3.76,4.0,4.76,4.38,0.048133333333333306,4.084,0.06333333333333331,False
3.77,4.0,4.77,4.385,0.049408333333333276,4.093,0.06416666666666664,False
3.7800000000000002,4.0,4.78,4.390000000000001,0.05070000000000003,4.102,0.06500000000000002,False
3.79,4.0,4.79,4.395,0.052008333333333344,4.111,0.06583333333333334,False
3.8,4.0,4.8,4.4,0.05333333333333331,4.12,0.06666666666666665,False
3.81,4.0,4.8100000000000005,4.405,0.054675000000000064,4.1290000000000004,0.06750000000000005,False
3.8200000000000003,4.0,4.82,4.41,0.05603333333333337,4.138,0.06833333333333336,False
3.83,4.0,4.83,4.415,0.05740833333333334,4.147,0.06916666666666667,False
3.84,4.0,4.84,4.42,0.058799999999999984,4.156,0.06999999999999999,False
3.85,4.0,4.85,4.425,0.06020833333333328,4.165,0.0708333333333333,False
3.86,4.0,4.859999999999999,4.43,0.061633333333333255,4.1739999999999995,0.07166666666666661,False
3.87,4.0,4.87,4.4350000000000005,0.06307500000000002,4.183,0.07250000000000001,False
3.88,4.0,4.88,4.4399999999999995,0.06453333333333332,4.192,0.07333333333333332,False
3.89,4.0,4.890000000000001,4.445,0.06600833333333342,4.2010000000000005,0.07416666666666671,False
3.9,4.0,4.9,4.45,0.06750000000000005,4.21,0.07500000000000002,False
3.91,4.0,4.91,4.455,0.06900833333333335,4.219,0.07583333333333335,False
3.92,4.0,4.92,4.46,0.07053333333333332,4.228,0.07666666666666666,False
3.93,4.0,4.93,4.465,0.07207499999999996,4.237,0.07749999999999997,False
3.94,4.0,4.9399999999999995,4.47,0.07363333333333326,4.2459999999999996,0.0783333333333333,False
3.95,4.0,4.95,4.475,0.07520833333333336,4.255,0.07916666666666668,False
3.96,4.0,4.96,4.48,0.0768,4.264,0.08,False
3.9699999999999998,4.0,4.97,4.484999999999999,0.07840833333333329,4.273,0.08083333333333331,False
3.98,4.0,4.98,4.49,0.0800333333333334,4.282,0.0816666666666667,False
3.99,4.0,4.99,4.495,0.08167500000000004,4.291,0.08250000000000002,False
4.0,4.0,5.0,4.5,0.08333333333333333,4.3,0.08333333333333333,False
4.01,4.0,5.01,4.505,0.0850083333333333,4.309,0.08416666666666665,False
4.02,4.0,5.02,4.51,0.08669999999999993,4.318,0.08499999999999996,False
4.03,4.0,5.03,4.515000000000001,0.08840833333333338,4.327,0.08583333333333336,False
4.04,4.0,5.04,4.52,0.09013333333333334,4.336,0.08666666666666667,False
4.05,4.0,5.05,4.525,0.09187499999999997,4.345,0.08749999999999998,False
4.0600000000000005,4.0,5.0600000000000005,4.53,0.09363333333333342,4.354,0.08833333333333337,False
4.07,4.0,5.07,4.535,0.09540833333333339,4.363,0.08916666666666669,False
4.08,4.0,5.08,4.54,0.09720000000000001,4.372,0.09000000000000001,False
4.09,4.0,5.09,4.545,0.09900833333333331,4.381,0.09083333333333332,False
4.1,4.0,5.1,4.55,0.10083333333333327,4.39,0.09166666666666663,False
4.11,4.0,5.11,4.555,0.10267500000000006,4.399,0.09250000000000003,False
4.12,4.0,5.12,4.5600000000000005,0.10453333333333335,4.408,0.09333333333333334,False
4.13,4.0,5.13,4.5649999999999995,0.10640833333333331,4.417,0.09416666666666666,False
4.140000000000001,4.0,5.140000000000001,4.57,0.1083000000000001,4.426,0.09500000000000004,False
4.15,4.0,5.15,4.575,0.11020833333333341,4.4350000000000005,0.09583333333333337,False
4.16,4.0,5.16,4.58,0.11213333333333336,4.444,0.09666666666666668,False
4.17,4.0,5.17,4.585,0.11407499999999998,4.453,0.09749999999999999,False
4.18,4.0,5.18,4.59,0.11603333333333328,4.462,0.09833333333333331,False
4.1899999999999995,4.0,5.1899999999999995,4.595,0.11800833333333323,4.470999999999999,0.09916666666666663,False
4.2,4.0,5.2,4.6,0.12000000000000004,4.48,0.10000000000000002,False
4.21,4.0,5.21,4.605,0.12200833333333333,4.489,0.10083333333333333,False
4.22,4.0,5.22,4.609999999999999,0.12403333333333329,4.498,0.10166666666666664,False
4.23,4.0,5.23,4.615,0.12607500000000008,4.507000000000001,0.10250000000000004,False
4.24,4.0,5.24,4.62,0.12813333333333338,4.516,0.10333333333333335,False
4.25,4.0,5.25,4.625,0.13020833333333334,4.525,0.10416666666666667,False
4.26,4.0,5.26,4.63,0.13229999999999995,4.534,0.10499999999999998,False
4.27,4.0,5.27,4.635,0.13440833333333324,4.542999999999999,0.1058333333333333,False
4.28,4.0,5.28,4.640000000000001,0.1365333333333334,4.5520000000000005,0.10666666666666669,False
4.29,4.0,5.29,4.645,0.13867500000000002,4.561,0.1075,False
4.3,4.0,5.3,4.65,0.14083333333333328,4.57,0.10833333333333332,False
4.3100000000000005,4.0,5.3100000000000005,4.655,0.14300833333333343,4.579000000000001,0.1091666666666667,False
4.32,4.0,5.32,4.66,0.14520000000000008,4.588,0.11000000000000003,False
4.33,4.0,5.33,4.665,0.14740833333333334,4.597,0.11083333333333334,False
4.34,4.0,5.34,4.67,0.1496333333333333,4.606,0.11166666666666665,False
4.35,4.0,5.35,4.675,0.15187499999999993,4.614999999999999,0.11249999999999998,False
4.36,4.0,5.36,4.68,0.1541333333333334,4.6240000000000006,0.11333333333333336,False
4.37,4.0,5.37,4.6850000000000005,0.15640833333333334,4.633,0.11416666666666668,False
4.38,4.0,5.38,4.6899999999999995,0.15869999999999998,4.642,0.11499999999999999,False
4.390000000000001,4.0,5.390000000000001,4.695,0.16100833333333345,4.651000000000001,0.11583333333333339,False
4.4,4.0,5.4,4.7,0.1633333333333334,4.66,0.1166666666666667,False
4.41,4.0,5.41,4.705,0.16567500000000004,4.6690000000000005,0.11750000000000001,False
4.42,4.0,5.42,4.71,0.16803333333333334,4.678,0.11833333333333333,False
4.43,4.0,5.43,4.715,0.17040833333333327,4.686999999999999,0.11916666666666664,False
4.4399999999999995,4.0,5.4399999999999995,4.72,0.17279999999999987,4.696,0.11999999999999995,False
4.45,4.0,5.45,4.725,0.17520833333333338,4.705,0.12083333333333335,False
4.46,4.0,5.46,4.73,0.1776333333333333,4.714,0.12166666666666666,False
4.47,4.0,5.47,4.734999999999999,0.18007499999999996,4.723,0.12249999999999998,False
4.48,4.0,5.48,4.74,0.18253333333333344,4.732000000000001,0.12333333333333336,False
4.49,4.0,5.49,4.745,0.1850083333333334,4.7410000000000005,0.12416666666666669,False
4.5,4.0,5.5,4.75,0.1875,4.75,0.125,False
4.51,4.0,5.51,4.755,0.1900083333333333,4.759,0.12583333333333332,False
4.52,4.0,5.52,4.76,0.19253333333333322,4.768,0.12666666666666662,False
4.53,4.0,5.53,4.765000000000001,0.19507500000000008,4.777,0.12750000000000003,False
4.54,4.0,5.54,4.77,0.19763333333333333,4.7860000000000005,0.12833333333333333,False
4.55,4.0,5.55,4.775,0.2002083333333333,4.795,0.12916666666666665,False
4.5600000000000005,4.0,5.5600000000000005,4.78,0.20280000000000012,4.804000000000001,0.13000000000000003,False
4.57,4.0,5.57,4.785,0.20540833333333341,4.813000000000001,0.13083333333333336,False
4.58,4.0,5.58,4.79,0.20803333333333338,4.822,0.13166666666666668,False
4.59,4.0,5.59,4.795,0.21067499999999995,4.831,0.13249999999999998,False
4.6,4.0,5.6,4.8,0.21333333333333324,4.84,0.1333333333333333,False
4.61,4.0,5.61,4.805,0.21600833333333344,4.849,0.13416666666666668,False
4.62,4.0,5.62,4.8100000000000005,0.21870000000000003,4.8580000000000005,0.135,False
4.63,4.0,5.63,4.8149999999999995,0.22140833333333332,4.867,0.13583333333333333,False
4.640000000000001,4.0,5.640000000000001,4.82,0.2241333333333335,4.876000000000001,0.13666666666666671,False
4.65,4.0,5.65,4.825,0.22687500000000008,4.885000000000001,0.13750000000000004,False
4.66,4.0,5.66,4.83,0.22963333333333336,4.894,0.13833333333333334,False
4.67,4.0,5.67,4.835,0.23240833333333333,4.9030000000000005,0.13916666666666666,False
4.68,4.0,5.68,4.84,0.23519999999999994,4.912,0.13999999999999999,False
4.6899999999999995,4.0,5.6899999999999995,4.845,0.23800833333333318,4.921,0.14083333333333328,False
4.7,4.0,5.7,4.85,0.24083333333333337,4.930000000000001,0.1416666666666667,False
4.71,4.0,5.71,4.855,0.24367499999999997,4.939,0.1425,False
4.72,4.0,5.72,4.859999999999999,0.24653333333333327,4.948,0.1433333333333333,False
4.73,4.0,5.73,4.865,0.24940833333333345,4.957000000000001,0.1441666666666667,False
4.74,4.0,5.74,4.87,0.2523000000000001,4.966,0.14500000000000002,False
4.75,4.0,5.75,4.875,0.2552083333333333,4.9750000000000005,0.14583333333333334,False
4.76,4.0,5.76,4.88,0.25813333333333327,4.984,0.14666666666666664,False
4.77,4.0,5.77,4.885,0.2610749999999999,4.993,0.14749999999999996,False
4.78,4.0,5.78,4.890000000000001,0.2640333333333334,5.002000000000001,0.14833333333333334,False
4.79,4.0,5.79,4.895,0.26700833333333335,5.011,0.14916666666666667,False
4.8,4.0,5.8,4.9,0.26999999999999996,5.0200000000000005,0.15,False
4.8100000000000005,4.0,5.8100000000000005,4.905,0.27300833333333346,5.029000000000001,0.15083333333333337,False
4.82,4.0,5.82,4.91,0.2760333333333334,5.038,0.1516666666666667,False
4.83,4.0,5.83,4.915,0.279075,5.047000000000001,0.1525,False
4.84,4.0,5.84,4.92,0.2821333333333333,5.056,0.15333333333333332,False
4.85,4.0,5.85,4.925,0.28520833333333323,5.065,0.15416666666666665,False
4.86,4.0,5.86,4.93,0.2883000000000001,5.074000000000001,0.15500000000000003,False
4.87,4.0,5.87,4.9350000000000005,0.2914083333333334,5.083,0.15583333333333335,False
4.88,4.0,5.88,4.9399999999999995,0.2945333333333333,5.0920000000000005,0.15666666666666665,False
4.890000000000001,4.0,5.890000000000001,4.945,0.2976750000000002,5.101000000000001,0.15750000000000006,False
4.9,4.0,5.9,4.95,0.30083333333333345,5.11,0.15833333333333335,False
4.91,4.0,5.91,4.955,0.3040083333333334,5.119000000000001,0.15916666666666668,False
4.92,4.0,5.92,4.96,0.3072,5.128,0.16,False
4.93,4.0,5.93,4.965,0.31040833333333323,5.1370000000000005,0.1608333333333333,False
4.9399999999999995,4.0,5.9399999999999995,4.97,0.31363333333333315,5.146,0.16166666666666663,False
4.95,4.0,5.95,4.975,0.3168750000000001,5.155,0.1625,False
4.96,4.0,5.96,4.98,0.3201333333333333,5.164000000000001,0.16333333333333333,False
4.97,4.0,5.97,4.984999999999999,0.32340833333333324,5.173,0.16416666666666666,False
4.98,4.0,5.98,4.99,0.32670000000000016,5.182,0.16500000000000004,False
4.99,4.0,5.99,4.995,0.3300083333333334,5.191000000000001,0.16583333333333336,False
5.0,4.0,6.0,5.0,0.3333333333333333,5.2,0.16666666666666666,False
5.01,4.01,6.01,5.01,0.3333333333333333,5.2090000000000005,0.16666666666666666,False
5.02,4.02,6.02,5.02,0.3333333333333333,5.218,0.16666666666666666,False
5.03,4.03,6.03,5.03,0.3333333333333333,5.227,0.16666666666666666,False
5.04,4.04,6.04,5.04,0.3333333333333333,5.236000000000001,0.16666666666666666,False
5.05,4.05,6.05,5.05,0.3333333333333333,5.245,0.16666666666666666,False
5.0600000000000005,4.0600000000000005,6.0600000000000005,5.0600000000000005,0.3333333333333333,5.2540000000000004,0.16666666666666666,False
5.07,4.07,6.07,5.07,0.3333333333333333,5.263000000000001,0.16666666666666666,False
5.08,4.08,6.08,5.08,0.3333333333333333,5.272,0.16666666666666666,False
5.09,4.09,6.09,5.09,0.3333333333333333,5.281000000000001,0.16666666666666666,False
5.1,4.1,6.1,5.1,0.3333333333333333,5.29,0.16666666666666666,False
5.109999999999999,4.109999999999999,6.109999999999999,5.109999999999999,0.3333333333333333,5.2989999999999995,0.16666666666666666,False
5.12,4.12,6.12,5.12,0.3333333333333333,5.308000000000001,0.16666666666666666,False
5.13,4.13,6.13,5.13,0.3333333333333333,5.317,0.16666666666666666,False
5.140000000000001,4.140000000000001,6.140000000000001,5.140000000000001,0.3333333333333333,5.3260000000000005,0.16666666666666666,False
5.15,4.15,6.15,5.15,0.3333333333333333,5.335000000000001,0.16666666666666666,False
5.16,4.16,6.16,5.16,0.3333333333333333,5.344,0.16666666666666666,False
5.17,4.17,6.17,5.17,0.3333333333333333,5.353000000000001,0.16666666666666666,False
5.18,4.18,6.18,5.18,0.3333333333333333,5.362,0.16666666666666666,False
5.1899999999999995,4.1899999999999995,6.1899999999999995,5.1899999999999995,0.3333333333333333,5.3709999999999996,0.16666666666666666,False
5.2,4.2,6.2,5.2,0.3333333333333333,5.380000000000001,0.16666666666666666,False
5.21,4.21,6.21,5.21,0.3333333333333333,5.389,0.16666666666666666,False
5.220000000000001,4.220000000000001,6.220000000000001,5.220000000000001,0.3333333333333333,5.398000000000001,0.16666666666666666,False
5.23,4.23,6.23,5.23,0.3333333333333333,5.407000000000001,0.16666666666666666,False
5.24,4.24,6.24,5.24,0.3333333333333333,5.416,0.16666666666666666,False
5.25,4.25,6.25,5.25,0.3333333333333333,5.425000000000001,0.16666666666666666,False
5.26,4.26,6.26,5.26,0.3333333333333333,5.434,0.16666666666666666,False
5.27,4.27,6.27,5.27,0.3333333333333333,5.443,0.16666666666666666,False
5.28,4.28,6.28,5.28,0.3333333333333333,5.452000000000001,0.16666666666666666,False
5.29,4.29,6.29,5.29,0.3333333333333333,5.461,0.16666666666666666,False
5.300000000000001,4.300000000000001,6.300000000000001,5.300000000000001,0.3333333333333333,5.470000000000001,0.16666666666666666,False
5.3100000000000005,4.3100000000000005,6.3100000000000005,5.3100000000000005,0.3333333333333333,5.479000000000001,0.16666666666666666,False
5.32,4.32,6.32,5.32,0.3333333333333333,5.488,0.16666666666666666,False
5.33,4.33,6.33,5.33,0.3333333333333333,5.497000000000001,0.16666666666666666,False
5.34,4.34,6.34,5.34,0.3333333333333333,5.506,0.16666666666666666,False
5.35,4.35,6.35,5.35,0.3333333333333333,5.515,0.16666666666666666,False
5.359999999999999,4.359999999999999,6.359999999999999,5.359999999999999,0.3333333333333333,5.524,0.16666666666666666,False
5.37,4.37,6.37,5.37,0.3333333333333333,5.533,0.16666666666666666,False
5.38,4.38,6.38,5.38,0.3333333333333333,5.542,0.16666666666666666,False
5.390000000000001,4.390000000000001,6.390000000000001,5.390000000000001,0.3333333333333333,5.551000000000001,0.16666666666666666,False
5.4,4.4,6.4,5.4,0.3333333333333333,5.5600000000000005,0.16666666666666666,False
5.41,4.41,6.41,5.41,0.3333333333333333,5.569000000000001,0.16666666666666666,False
5.42,4.42,6.42,5.42,0.3333333333333333,5.578,0.16666666666666666,False
5.43,4.43,6.43,5.43,0.3333333333333333,5.587,0.16666666666666666,False
5.4399999999999995,4.4399999999999995,6.4399999999999995,5.4399999999999995,0.3333333333333333,5.596,0.16666666666666666,False
5.45,4.45,6.45,5.45,0.3333333333333333,5.605,0.16666666666666666,False
5.46,4.46,6.46,5.46,0.3333333333333333,5.614,0.16666666666666666,False
5.470000000000001,4.470000000000001,6.470000000000001,5.470000000000001,0.3333333333333333,5.623000000000001,0.16666666666666666,False
5.48,4.48,6.48,5.48,0.3333333333333333,5.632000000000001,0.16666666666666666,False
5.49,4.49,6.49,5.49,0.3333333333333333,5.641000000000001,0.16666666666666666,False
5.5,4.5,6.5,5.5,0.3333333333333333,5.65,0.16666666666666666,False
5.51,4.51,6.51,5.51,0.3333333333333333,5.659,0.16666666666666666,False
5.52,4.52,6.52,5.52,0.3333333333333333,5.668,0.16666666666666666,False
5.53,4.53,6.53,5.53,0.3333333333333333,5.6770000000000005,0.16666666666666666,False
5.54,4.54,6.54,5.54,0.3333333333333333,5.686,0.16666666666666666,False
5.550000000000001,4.550000000000001,6.550000000000001,5.550000000000001,0.3333333333333333,5.695000000000001,0.16666666666666666,False
5.5600000000000005,4.5600000000000005,6.5600000000000005,5.5600000000000005,0.3333333333333333,5.704000000000001,0.16666666666666666,False
5.57,4.57,6.57,5.57,0.3333333333333333,5.713000000000001,0.16666666666666666,False
5.58,4.58,6.58,5.58,0.3333333333333333,5.722,0.16666666666666666,False
5.59,4.59,6.59,5.59,0.3333333333333333,5.731,0.16666666666666666,False
5.6,4.6,6.6,5.6,0.3333333333333333,5.74,0.16666666666666666,False
5.609999999999999,4.609999999999999,6.609999999999999,5.609999999999999,0.3333333333333333,5.749,0.16666666666666666,False
5.62,4.62,6.62,5.62,0.3333333333333333,5.758,0.16666666666666666,False
5.63,4.63,6.63,5.63,0.3333333333333333,5.767,0.16666666666666666,False
5.640000000000001,4.640000000000001,6.640000000000001,5.640000000000001,0.3333333333333333,5.776000000000001,0.16666666666666666,False
5.65,4.65,6.65,5.65,0.3333333333333333,5.785000000000001,0.16666666666666666,False
5.66,4.66,6.66,5.66,0.3333333333333333,5.7940000000000005,0.16666666666666666,False
5.67,4.67,6.67,5.67,0.3333333333333333,5.803,0.16666666666666666,False
5.68,4.68,6.68,5.68,0.3333333333333333,5.812,0.16666666666666666,False
5.6899999999999995,4.6899999999999995,6.6899999999999995,5.6899999999999995,0.3333333333333333,5.821,0.16666666666666666,False
5.7,4.7,6.7,5.7,0.3333333333333333,5.83,0.16666666666666666,False
5.71,4.71,6.71,5.71,0.3333333333333333,5.839,0.16666666666666666,False
5.720000000000001,4.720000000000001,6.720000000000001,5.720000000000001,0.3333333333333333,5.848000000000001,0.16666666666666666,False
5.73,4.73,6.73,5.73,0.3333333333333333,5.857000000000001,0.16666666666666666,False
5.74,4.74,6.74,5.74,0.3333333333333333,5.8660000000000005,0.16666666666666666,False
5.75,4.75,6.75,5.75,0.3333333333333333,5.875,0.16666666666666666,False
5.76,4.76,6.76,5.76,0.3333333333333333,5.884,0.16666666666666666,False
5.77,4.77,6.77,5.77,0.3333333333333333,5.893,0.16666666666666666,False
5.78,4.78,6.78,5.78,0.3333333333333333,5.902,0.16666666666666666,False
5.79,4.79,6.79,5.79,0.3333333333333333,5.9110000000000005,0.16666666666666666,False
5.800000000000001,4.800000000000001,6.800000000000001,5.800000000000001,0.3333333333333333,5.920000000000001,0.16666666666666666,False
5.8100000000000005,4.8100000000000005,6.8100000000000005,5.8100000000000005,0.3333333333333333,5.929000000000001,0.16666666666666666,False
5.82,4.82,6.82,5.82,0.3333333333333333,5.938000000000001,0.16666666666666666,False
5.83,4.83,6.83,5.83,0.3333333333333333,5.947,0.16666666666666666,False
5.84,4.84,6.84,5.84,0.3333333333333333,5.956,0.16666666666666666,False
5.85,4.85,6.85,5.85,0.3333333333333333,5.965,0.16666666666666666,False
5.859999999999999,4.859999999999999,6.859999999999999,5.859999999999999,0.3333333333333333,5.974,0.16666666666666666,False
5.87,4.87,6.87,5.87,0.3333333333333333,5.9830000000000005,0.16666666666666666,False
5.88,4.88,6.88,5.88,0.3333333333333333,5.992,0.16666666666666666,False
5.890000000000001,4.890000000000001,6.890000000000001,5.890000000000001,0.3333333333333333,6.001000000000001,0.16666666666666666,False
5.9,4.9,6.9,5.9,0.3333333333333333,6.010000000000001,0.16666666666666666,False
5.91,4.91,6.91,5.91,0.3333333333333333,6.019,0.16666666666666666,False
5.92,4.92,6.92,5.92,0.3333333333333333,6.0280000000000005,0.16666666666666666,False
5.93,4.93,6.93,5.93,0.3333333333333333,6.037,0.16666666666666666,False
5.9399999999999995,4.9399999999999995,6.9399999999999995,5.9399999999999995,0.3333333333333333,6.046,0.16666666666666666,False
5.95,4.95,6.95,5.95,0.3333333333333333,6.055000000000001,0.16666666666666666,False
5.96,4.96,6.96,5.96,0.3333333333333333,6.064,0.16666666666666666,False
5.970000000000001,4.970000000000001,6.970000000000001,5.970000000000001,0.3333333333333333,6.073000000000001,0.16666666666666666,False
5.98,4.98,6.98,5.98,0.3333333333333333,6.082000000000001,0.16666666666666666,False
5.99,4.99,6.99,5.99,0.3333333333333333,6.091,0.16666666666666666,False
6.0,5.0,7.0,6.0,0.3333333333333333,6.1000000000000005,0.16666666666666666,False
6.01,5.01,7.01,6.01,0.3333333333333333,6.109,0.16666666666666666,False
6.02,5.02,7.02,6.02,0.3333333333333333,6.118,0.16666666666666666,False
6.03,5.03,7.03,6.03,0.3333333333333333,6.127000000000001,0.16666666666666666,False
6.04,5.04,7.04,6.04,0.3333333333333333,6.136,0.16666666666666666,False
6.050000000000001,5.050000000000001,7.050000000000001,6.050000000000001,0.3333333333333333,6.145000000000001,0.16666666666666666,False
6.0600000000000005,5.0600000000000005,7.0600000000000005,6.0600000000000005,0.3333333333333333,6.154000000000001,0.16666666666666666,False
6.07,5.07,7.07,6.07,0.3333333333333333,6.163,0.16666666666666666,False
6.08,5.08,7.08,6.08,0.3333333333333333,6.172000000000001,0.16666666666666666,False
6.09,5.09,7.09,6.09,0.3333333333333333,6.181,0.16666666666666666,False
6.1,5.1,7.1,6.1,0.3333333333333333,6.19,0.16666666666666666,False
6.109999999999999,5.109999999999999,7.109999999999999,6.109999999999999,0.3333333333333333,6.199,0.16666666666666666,False
6.12,5.12,7.12,6.12,0.3333333333333333,6.208,0.16666666666666666,False
6.13,5.13,7.13,6.13,0.3333333333333333,6.2170000000000005,0.16666666666666666,False
6.140000000000001,5.140000000000001,7.140000000000001,6.140000000000001,0.3333333333333333,6.226000000000001,0.16666666666666666,False
6.15,5.15,7.15,6.15,0.3333333333333333,6.235,0.16666666666666666,False
6.16,5.16,7.16,6.16,0.3333333333333333,6.244000000000001,0.16666666666666666,False
6.17,5.17,7.17,6.17,0.3333333333333333,6.253,0.16666666666666666,False
6.18,5.18,7.18,6.18,0.3333333333333333,6.2620000000000005,0.16666666666666666,False
6.1899999999999995,5.1899999999999995,7.1899999999999995,6.1899999999999995,0.3333333333333333,6.271,0.16666666666666666,False
6.2,5.2,7.2,6.2,0.3333333333333333,6.28,0.16666666666666666,False
6.21,5.21,7.21,6.21,0.3333333333333333,6.289000000000001,0.16666666666666666,False
6.220000000000001,5.220000000000001,7.220000000000001,6.220000000000001,0.3333333333333333,6.298000000000001,0.16666666666666666,False
6.23,5.23,7.23,6.23,0.3333333333333333,6.307,0.16666666666666666,False
6.24,5.24,7.24,6.24,0.3333333333333333,6.316000000000001,0.16666666666666666,False
6.25,5.25,7.25,6.25,0.3333333333333333,6.325,0.16666666666666666,False
6.26,5.26,7.26,6.26,0.3333333333333333,6.3340000000000005,0.16666666666666666,False
6.27,5.27,7.27,6.27,0.3333333333333333,6.343,0.16666666666666666,False
6.28,5.28,7.28,6.28,0.3333333333333333,6.352,0.16666666666666666,False
6.29,5.29,7.29,6.29,0.3333333333333333,6.361000000000001,0.16666666666666666,False
6.300000000000001,5.300000000000001,7.300000000000001,6.300000000000001,0.3333333333333333,6.370000000000001,0.16666666666666666,False
6.3100000000000005,5.3100000000000005,7.3100000000000005,6.3100000000000005,0.3333333333333333,6.3790000000000004,0.16666666666666666,False
6.32,5.32,7.32,6.32,0.3333333333333333,6.388000000000001,0.16666666666666666,False
6.33,5.33,7.33,6.33,0.3333333333333333,6.397,0.16666666666666666,False
6.34,5.34,7.34,6.34,0.3333333333333333,6.406000000000001,0.16666666666666666,False
6.35,5.35,7.35,6.35,0.3333333333333333,6.415,0.16666666666666666,False
6.359999999999999,5.359999999999999,7.359999999999999,6.359999999999999,0.3333333333333333,6.4239999999999995,0.16666666666666666,False
6.37,5.37,7.37,6.37,0.3333333333333333,6.433000000000001,0.16666666666666666,False
6.38,5.38,7.38,6.38,0.3333333333333333,6.442,0.16666666666666666,False
6.390000000000001,5.390000000000001,7.390000000000001,6.390000000000001,0.3333333333333333,6.4510000000000005,0.16666666666666666,False
6.4,5.4,7.4,6.4,0.3333333333333333,6.460000000000001,0.16666666666666666,False
6.41,5.41,7.41,6.41,0.3333333333333333,6.469,0.16666666666666666,False
6.42,5.42,7.42,6.42,0.3333333333333333,6.478000000000001,0.16666666666666666,False
6.43,5.43,7.43,6.43,0.3333333333333333,6.487,0.16666666666666666,False
6.4399999999999995,5.4399999999999995,7.4399999999999995,6.4399999999999995,0.3333333333333333,6.4959999999999996,0.16666666666666666,False
6.45,5.45,7.45,6.45,0.3333333333333333,6.505000000000001,0.16666666666666666,False
6.46,5.46,7.46,6.46,0.3333333333333333,6.514,0.16666666666666666,False
6.470000000000001,5.470000000000001,7.470000000000001,6.470000000000001,0.3333333333333333,6.523000000000001,0.16666666666666666,False
6.48,5.48,7.48,6.48,0.3333333333333333,6.532000000000001,0.16666666666666666,False
6.49,5.49,7.49,6.49,0.3333333333333333,6.541,0.16666666666666666,False
6.5,5.5,7.5,6.5,0.3333333333333333,6.550000000000001,0.16666666666666666,False
6.51,5.51,7.51,6.51,0.3333333333333333,6.559,0.16666666666666666,False
6.52,5.52,7.52,6.52,0.3333333333333333,6.568,0.16666666666666666,False
6.53,5.53,7.53,6.53,0.3333333333333333,6.577000000000001,0.16666666666666666,False
6.54,5.54,7.54,6.54,0.3333333333333333,6.586,0.16666666666666666,False
6.550000000000001,5.550000000000001,7.550000000000001,6.550000000000001,0.3333333333333333,6.595000000000001,0.16666666666666666,False
6.5600000000000005,5.5600000000000005,7.5600000000000005,6.5600000000000005,0.3333333333333333,6.604000000000001,0.16666666666666666,False
6.57,5.57,7.57,6.57,0.3333333333333333,6.613,0.16666666666666666,False
6.58,5.58,7.58,6.58,0.3333333333333333,6.622000000000001,0.16666666666666666,False
6.59,5.59,7.59,6.59,0.3333333333333333,6.631,0.16666666666666666,False
6.6,5.6,7.6,6.6,0.3333333333333333,6.64,0.16666666666666666,False
6.609999999999999,5.609999999999999,7.609999999999999,6.609999999999999,0.3333333333333333,6.649,0.16666666666666666,False
6.62,5.62,7.62,6.62,0.3333333333333333,6.658,0.16666666666666666,False
6.63,5.63,7.63,6.63,0.3333333333333333,6.667,0.16666666666666666,False
6.640000000000001,5.640000000000001,7.640000000000001,6.640000000000001,0.3333333333333333,6.676000000000001,0.16666666666666666,False
6.65,5.65,7.65,6.65,0.3333333333333333,6.6850000000000005,0.16666666666666666,False
6.66,5.66,7.66,6.66,0.3333333333333333,6.694000000000001,0.16666666666666666,False
6.67,5.67,7.67,6.67,0.3333333333333333,6.703,0.16666666666666666,False
6.68,5.68,7.68,6.68,0.3333333333333333,6.712,0.16666666666666666,False
6.6899999999999995,5.6899999999999995,7.6899999999999995,6.6899999999999995,0.3333333333333333,6.721,0.16666666666666666,False
6.7,5.7,7.7,6.7,0.3333333333333333,6.73,0.16666666666666666,False
6.71,5.71,7.71,6.71,0.3333333333333333,6.739,0.16666666666666666,False
6.720000000000001,5.720000000000001,7.720000000000001,6.720000000000001,0.3333333333333333,6.748000000000001,0.16666666666666666,False
6.73,5.73,7.73,6.73,0.3333333333333333,6.757000000000001,0.16666666666666666,False
6.74,5.74,7.74,6.74,0.3333333333333333,6.766000000000001,0.16666666666666666,False
6.75,5.75,7.75,6.75,0.3333333333333333,6.775,0.16666666666666666,False
6.76,5.76,7.76,6.76,0.3333333333333333,6.784,0.16666666666666666,False
6.77,5.77,7.77,6.77,0.3333333333333333,6.793,0.16666666666666666,False
6.78,5.78,7.78,6.78,0.3333333333333333,6.8020000000000005,0.16666666666666666,False
6.79,5.79,7.79,6.79,0.3333333333333333,6.811,0.16666666666666666,False
6.800000000000001,5.800000000000001,7.800000000000001,6.800000000000001,0.3333333333333333,6.820000000000001,0.16666666666666666,False
6.8100000000000005,5.8100000000000005,7.8100000000000005,6.8100000000000005,0.3333333333333333,6.829000000000001,0.16666666666666666,False
6.82,5.82,7.82,6.82,0.3333333333333333,6.838000000000001,0.16666666666666666,False
6.83,5.83,7.83,6.83,0.3333333333333333,6.847,0.16666666666666666,False
6.84,5.84,7.84,6.84,0.3333333333333333,6.856,0.16666666666666666,False
6.85,5.85,7.85,6.85,0.3333333333333333,6.865,0.16666666666666666,False
6.859999999999999,5.859999999999999,7.859999999999999,6.859999999999999,0.3333333333333333,6.874,0.16666666666666666,False
6.87,5.87,7.87,6.87,0.3333333333333333,6.883,0.16666666666666666,False
6.88,5.88,7.88,6.88,0.3333333333333333,6.892,0.16666666666666666,False
6.890000000000001,5.890000000000001,7.890000000000001,6.890000000000001,0.3333333333333333,6.901000000000001,0.16666666666666666,False
6.9,5.9,7.9,6.9,0.3333333333333333,6.910000000000001,0.16666666666666666,False
6.91,5.91,7.91,6.91,0.3333333333333333,6.9190000000000005,0.16666666666666666,False
6.92,5.92,7.92,6.92,0.3333333333333333,6.928,0.16666666666666666,False
6.93,5.93,7.93,6.93,0.3333333333333333,6.937,0.16666666666666666,False
6.9399999999999995,5.9399999999999995,7.9399999999999995,6.9399999999999995,0.3333333333333333,6.946,0.16666666666666666,False
6.95,5.95,7.95,6.95,0.3333333333333333,6.955,0.16666666666666666,False
6.96,5.96,7.96,6.96,0.3333333333333333,6.964,0.16666666666666666,False
6.970000000000001,5.970000000000001,7.970000000000001,6.970000000000001,0.3333333333333333,6.973000000000001,0.16666666666666666,False
6.98,5.98,7.98,6.98,0.3333333333333333,6.982000000000001,0.16666666666666666,False
6.99,5.99,7.99,6.99,0.3333333333333333,6.9910000000000005,0.16666666666666666,False
7.0,6.0,8.0,7.0,0.3333333333333333,7.0,0.16666666666666666,False
7.01,6.01,8.01,7.01,0.3333333333333333,7.009,0.16666666666666666,False
7.0200000000000005,6.0200000000000005,8.02,7.02,0.33333333333333304,7.018000000000001,0.1666666666666666,False
7.03,6.03,8.030000000000001,7.030000000000001,0.33333333333333365,7.027,0.16666666666666674,False
7.04,6.04,8.04,7.039999999999999,0.33333333333333304,7.0360000000000005,0.1666666666666666,False
7.05,6.05,8.05,7.050000000000001,0.33333333333333365,7.045,0.16666666666666674,False
7.0600000000000005,6.0600000000000005,8.06,7.0600000000000005,0.3333333333333333,7.054000000000001,0.16666666666666666,False
7.07,6.07,8.07,7.07,0.3333333333333333,7.063000000000001,0.16666666666666666,False
7.08,6.08,8.08,7.08,0.3333333333333333,7.072,0.16666666666666666,False
7.09,6.09,8.09,7.09,0.3333333333333333,7.081,0.16666666666666666,False
7.1,6.1,8.1,7.1,0.3333333333333333,7.09,0.16666666666666666,False
7.11,6.11,8.11,7.109999999999999,0.33333333333333304,7.099,0.1666666666666666,False
7.12,6.12,8.120000000000001,7.120000000000001,0.33333333333333365,7.1080000000000005,0.16666666666666674,False
7.13,6.13,8.129999999999999,7.129999999999999,0.33333333333333304,7.117,0.1666666666666666,False
7.14,6.14,8.14,7.140000000000001,0.33333333333333365,7.126,0.16666666666666674,False
7.15,6.15,8.15,7.15,0.3333333333333333,7.135000000000001,0.16666666666666666,False
7.16,6.16,8.16,7.16,0.3333333333333333,7.144,0.16666666666666666,False
7.17,6.17,8.17,7.17,0.3333333333333333,7.1530000000000005,0.16666666666666666,False
7.18,6.18,8.18,7.18,0.3333333333333333,7.162,0.16666666666666666,False
7.19,6.19,8.190000000000001,7.190000000000001,0.33333333333333365,7.171,0.16666666666666674,False
7.2,6.2,8.2,7.199999999999999,0.33333333333333304,7.180000000000001,0.1666666666666666,False
7.21,6.21,8.21,7.210000000000001,0.33333333333333365,7.189,0.16666666666666674,False
7.22,6.22,8.219999999999999,7.219999999999999,0.33333333333333304,7.198,0.1666666666666666,False
7.23,6.23,8.23,7.23,0.3333333333333333,7.207000000000001,0.16666666666666666,False
7.24,6.24,8.24,7.24,0.3333333333333333,7.216,0.16666666666666666,False
7.25,6.25,8.25,7.25,0.3333333333333333,7.2250000000000005,0.16666666666666666,False
7.26,6.26,8.26,7.26,0.3333333333333333,7.234,0.16666666666666666,False
7.2700000000000005,6.2700000000000005,8.27,7.27,0.33333333333333304,7.243,0.1666666666666666,False
7.28,6.28,8.280000000000001,7.280000000000001,0.33333333333333365,7.252000000000001,0.16666666666666674,False
7.29,6.29,8.29,7.289999999999999,0.33333333333333304,7.261,0.1666666666666666,False
7.3,6.3,8.3,7.300000000000001,0.33333333333333365,7.2700000000000005,0.16666666666666674,False
7.3100000000000005,6.3100000000000005,8.31,7.3100000000000005,0.3333333333333333,7.279000000000001,0.16666666666666666,False
7.32,6.32,8.32,7.32,0.3333333333333333,7.288,0.16666666666666666,False
7.33,6.33,8.33,7.33,0.3333333333333333,7.297000000000001,0.16666666666666666,False
7.34,6.34,8.34,7.34,0.3333333333333333,7.306,0.16666666666666666,False
7.3500000000000005,6.3500000000000005,8.350000000000001,7.350000000000001,0.33333333333333365,7.315,0.16666666666666674,False
7.36,6.36,8.36,7.359999999999999,0.33333333333333304,7.324000000000001,0.1666666666666666,False
7.37,6.37,8.370000000000001,7.370000000000001,0.33333333333333365,7.333,0.16666666666666674,False
7.38,6.38,8.379999999999999,7.379999999999999,0.33333333333333304,7.3420000000000005,0.1666666666666666,False
7.39,6.39,8.39,7.390000000000001,0.33333333333333365,7.351,0.16666666666666674,False
7.4,6.4,8.4,7.4,0.3333333333333333,7.36,0.16666666666666666,False
7.41,6.41,8.41,7.41,0.3333333333333333,7.369000000000001,0.16666666666666666,False
7.42,6.42,8.42,7.42,0.3333333333333333,7.378,0.16666666666666666,False
7.43,6.43,8.43,7.43,0.3333333333333333,7.3870000000000005,0.16666666666666666,False
7.44,6.44,8.440000000000001,7.440000000000001,0.33333333333333365,7.396000000000001,0.16666666666666674,False
7.45,6.45,8.45,7.449999999999999,0.33333333333333304,7.405,0.1666666666666666,False
7.46,6.46,8.46,7.460000000000001,0.33333333333333365,7.414000000000001,0.16666666666666674,False
7.47,6.47,8.469999999999999,7.469999999999999,0.33333333333333304,7.423,0.1666666666666666,False
7.48,6.48,8.48,7.48,0.3333333333333333,7.432,0.16666666666666666,False
7.49,6.49,8.49,7.49,0.3333333333333333,7.441000000000001,0.16666666666666666,False
7.5,6.5,8.5,7.5,0.3333333333333333,7.45,0.16666666666666666,False
7.51,6.51,8.51,7.51,0.3333333333333333,7.4590000000000005,0.16666666666666666,False
7.5200000000000005,6.5200000000000005,8.52,7.52,0.33333333333333304,7.468000000000001,0.1666666666666666,False
7.53,6.53,8.530000000000001,7.530000000000001,0.33333333333333365,7.477,0.16666666666666674,False
7.54,6.54,8.54,7.539999999999999,0.33333333333333304,7.486000000000001,0.1666666666666666,False
7.55,6.55,8.55,7.550000000000001,0.33333333333333365,7.495,0.16666666666666674,False
7.5600000000000005,6.5600000000000005,8.56,7.5600000000000005,0.3333333333333333,7.5040000000000004,0.16666666666666666,False
7.57,6.57,8.57,7.57,0.3333333333333333,7.513000000000001,0.16666666666666666,False
7.58,6.58,8.58,7.58,0.3333333333333333,7.522,0.16666666666666666,False
7.59,6.59,8.59,7.59,0.3333333333333333,7.531000000000001,0.16666666666666666,False
7.6000000000000005,6.6000000000000005,8.600000000000001,7.600000000000001,0.33333333333333365,7.540000000000001,0.16666666666666674,False
7.61,6.61,8.61,7.609999999999999,0.33333333333333304,7.549,0.1666666666666666,False
7.62,6.62,8.620000000000001,7.620000000000001,0.33333333333333365,7.558000000000001,0.16666666666666674,False
7.63,6.63,8.629999999999999,7.629999999999999,0.33333333333333304,7.567,0.1666666666666666,False
7.64,6.64,8.64,7.640000000000001,0.33333333333333365,7.576,0.16666666666666674,False
7.65,6.65,8.65,7.65,0.3333333333333333,7.585000000000001,0.16666666666666666,False
7.66,6.66,8.66,7.66,0.3333333333333333,7.594,0.16666666666666666,False
7.67,6.67,8.67,7.67,0.3333333333333333,7.603000000000001,0.16666666666666666,False
7.68,6.68,8.68,7.68,0.3333333333333333,7.612,0.16666666666666666,False
7.69,6.69,8.690000000000001,7.690000000000001,0.33333333333333365,7.621,0.16666666666666674,False
7.7,6.7,8.7,7.699999999999999,0.33333333333333304,7.630000000000001,0.1666666666666666,False
7.71,6.71,8.71,7.710000000000001,0.33333333333333365,7.639,0.16666666666666674,False
7.72,6.72,8.719999999999999,7.719999999999999,0.33333333333333304,7.648,0.1666666666666666,False
7.73,6.73,8.73,7.73,0.3333333333333333,7.657000000000001,0.16666666666666666,False
7.74,6.74,8.74,7.74,0.3333333333333333,7.666,0.16666666666666666,False
7.75,6.75,8.75,7.75,0.3333333333333333,7.675000000000001,0.16666666666666666,False
7.76,6.76,8.76,7.76,0.3333333333333333,7.684,0.16666666666666666,False
7.7700000000000005,6.7700000000000005,8.77,7.77,0.33333333333333304,7.6930000000000005,0.1666666666666666,False
7.78,6.78,8.780000000000001,7.780000000000001,0.33333333333333365,7.702000000000001,0.16666666666666674,False
7.79,6.79,8.79,7.789999999999999,0.33333333333333304,7.711,0.1666666666666666,False
7.8,6.8,8.8,7.800000000000001,0.33333333333333365,7.72,0.16666666666666674,False
7.8100000000000005,6.8100000000000005,8.81,7.8100000000000005,0.3333333333333333,7.729000000000001,0.16666666666666666,False
7.82,6.82,8.82,7.82,0.3333333333333333,7.738,0.16666666666666666,False
7.83,6.83,8.83,7.83,0.3333333333333333,7.747000000000001,0.16666666666666666,False
7.84,6.84,8.84,7.84,0.3333333333333333,7.756,0.16666666666666666,False
7.8500000000000005,6.8500000000000005,8.850000000000001,7.850000000000001,0.33333333333333365,7.765000000000001,0.16666666666666674,False
7.86,6.86,8.86,7.859999999999999,0.33333333333333304,7.774000000000001,0.1666666666666666,False
7.87,6.87,8.870000000000001,7.870000000000001,0.33333333333333365,7.783,0.16666666666666674,False
7.88,6.88,8.879999999999999,7.879999999999999,0.33333333333333304,7.792,0.1666666666666666,False
7.89,6.89,8.89,7.890000000000001,0.33333333333333365,7.801,0.16666666666666674,False
7.9,6.9,8.9,7.9,0.3333333333333333,7.8100000000000005,0.16666666666666666,False
7.91,6.91,8.91,7.91,0.3333333333333333,7.819000000000001,0.16666666666666666,False
7.92,6.92,8.92,7.92,0.3333333333333333,7.828,0.16666666666666666,False
7.93,6.93,8.93,7.93,0.3333333333333333,7.837,0.16666666666666666,False
7.94,6.94,8.940000000000001,7.940000000000001,0.33333333333333365,7.846000000000001,0.16666666666666674,False
7.95,6.95,8.95,7.949999999999999,0.33333333333333304,7.855,0.1666666666666666,False
7.96,6.96,8.96,7.960000000000001,0.33333333333333365,7.864,0.16666666666666674,False
7.97,6.97,8.969999999999999,7.969999999999999,0.33333333333333304,7.873,0.1666666666666666,False
7.98,6.98,8.98,7.98,0.3333333333333333,7.882000000000001,0.16666666666666666,False
7.99,6.99,8.99,7.99,0.3333333333333333,7.891000000000001,0.16666666666666666,False
8.0,7.0,9.0,8.0,0.3333333333333333,7.9,0.16666666666666666,False
8.01,7.01,9.01,8.01,0.3333333333333333,7.909,0.16666666666666666,False
8.02,7.02,9.02,8.02,0.3333333333333333,7.918,0.16666666666666666,False
8.030000000000001,7.030000000000001,9.030000000000001,8.030000000000001,0.3333333333333333,7.927000000000001,0.16666666666666666,False
8.04,7.039999999999999,9.04,8.04,0.3333333333333333,7.936,0.16666666666666666,False
8.05,7.050000000000001,9.05,8.05,0.3333333333333333,7.945000000000001,0.16666666666666666,False
8.06,7.0600000000000005,9.06,8.06,0.3333333333333333,7.954000000000001,0.16666666666666666,False
8.07,7.07,9.07,8.07,0.3333333333333333,7.963000000000001,0.16666666666666666,False
8.08,7.08,9.08,8.08,0.3333333333333333,7.972,0.16666666666666666,False
8.09,7.09,9.09,8.09,0.3333333333333333,7.981,0.16666666666666666,False
8.100000000000001,7.100000000000001,9.100000000000001,8.100000000000001,0.3333333333333333,7.990000000000002,0.16666666666666666,False
8.11,7.109999999999999,9.11,8.11,0.3333333333333333,7.999,0.16666666666666666,False
8.120000000000001,7.120000000000001,9.120000000000001,8.120000000000001,0.3333333333333333,8.008000000000001,0.16666666666666666,False
8.129999999999999,7.129999999999999,9.129999999999999,8.129999999999999,0.3333333333333333,8.017,0.16666666666666666,False
8.14,7.140000000000001,9.14,8.14,0.3333333333333333,8.026,0.16666666666666666,False
8.15,7.15,9.15,8.15,0.3333333333333333,8.035,0.16666666666666666,False
8.16,7.16,9.16,8.16,0.3333333333333333,8.044,0.16666666666666666,False
8.17,7.17,9.17,8.17,0.3333333333333333,8.052999999999999,0.16666666666666666,False
8.18,7.18,9.18,8.18,0.3333333333333333,8.062,0.16666666666666666,False
8.190000000000001,7.190000000000001,9.190000000000001,8.190000000000001,0.3333333333333333,8.071000000000002,0.16666666666666666,False
8.2,7.199999999999999,9.2,8.2,0.3333333333333333,8.08,0.16666666666666666,False
8.21,7.210000000000001,9.21,8.21,0.3333333333333333,8.089,0.16666666666666666,False
8.219999999999999,7.219999999999999,9.219999999999999,8.219999999999999,0.3333333333333333,8.097999999999999,0.16666666666666666,False
8.23,7.23,9.23,8.23,0.3333333333333333,8.107000000000001,0.16666666666666666,False
8.24,7.24,9.24,8.24,0.3333333333333333,8.116,0.16666666666666666,False
8.25,7.25,9.25,8.25,0.3333333333333333,8.125,0.16666666666666666,False
8.26,7.26,9.26,8.26,0.3333333333333333,8.134,0.16666666666666666,False
8.27,7.27,9.27,8.27,0.3333333333333333,8.142999999999999,0.16666666666666666,False
8.280000000000001,7.280000000000001,9.280000000000001,8.280000000000001,0.3333333333333333,8.152000000000001,0.16666666666666666,False
8.29,7.289999999999999,9.29,8.29,0.3333333333333333,8.161,0.16666666666666666,False
8.3,7.300000000000001,9.3,8.3,0.3333333333333333,8.17,0.16666666666666666,False
8.31,7.3100000000000005,9.31,8.31,0.3333333333333333,8.179,0.16666666666666666,False
8.32,7.32,9.32,8.32,0.3333333333333333,8.188,0.16666666666666666,False
8.33,7.33,9.33,8.33,0.3333333333333333,8.197,0.16666666666666666,False
8.34,7.34,9.34,8.34,0.3333333333333333,8.206,0.16666666666666666,False
8.350000000000001,7.350000000000001,9.350000000000001,8.350000000000001,0.3333333333333333,8.215000000000002,0.16666666666666666,False
8.36,7.359999999999999,9.36,8.36,0.3333333333333333,8.224,0.16666666666666666,False
8.370000000000001,7.370000000000001,9.370000000000001,8.370000000000001,0.3333333333333333,8.233,0.16666666666666666,False
8.379999999999999,7.379999999999999,9.379999999999999,8.379999999999999,0.3333333333333333,8.241999999999999,0.16666666666666666,False
8.39,7.390000000000001,9.39,8.39,0.3333333333333333,8.251000000000001,0.16666666666666666,False
8.4,7.4,9.4,8.4,0.3333333333333333,8.26,0.16666666666666666,False
8.41,7.41,9.41,8.41,0.3333333333333333,8.269,0.16666666666666666,False
8.42,7.42,9.42,8.42,0.3333333333333333,8.278,0.16666666666666666,False
8.43,7.43,9.43,8.43,0.3333333333333333,8.286999999999999,0.16666666666666666,False
8.440000000000001,7.440000000000001,9.440000000000001,8.440000000000001,0.3333333333333333,8.296000000000001,0.16666666666666666,False
8.45,7.449999999999999,9.45,8.45,0.3333333333333333,8.305,0.16666666666666666,False
8.46,7.460000000000001,9.46,8.46,0.3333333333333333,8.314,0.16666666666666666,False
8.469999999999999,7.469999999999999,9.469999999999999,8.469999999999999,0.3333333333333333,8.322999999999999,0.16666666666666666,False
8.48,7.48,9.48,8.48,0.3333333333333333,8.332,0.16666666666666666,False
8.49,7.49,9.49,8.49,0.3333333333333333,8.341,0.16666666666666666,False
8.5,7.5,9.5,8.5,0.3333333333333333,8.35,0.16666666666666666,False
8.51,7.51,9.51,8.51,0.3333333333333333,8.359,0.16666666666666666,False
8.52,7.52,9.52,8.52,0.3333333333333333,8.368,0.16666666666666666,False
8.530000000000001,7.530000000000001,9.530000000000001,8.530000000000001,0.3333333333333333,8.377,0.16666666666666666,False
8.54,7.539999999999999,9.54,8.54,0.3333333333333333,8.386,0.16666666666666666,False
8.55,7.550000000000001,9.55,8.55,0.3333333333333333,8.395000000000001,0.16666666666666666,False
8.56,7.5600000000000005,9.56,8.56,0.3333333333333333,8.404,0.16666666666666666,False
8.57,7.57,9.57,8.57,0.3333333333333333,8.413,0.16666666666666666,False
8.58,7.58,9.58,8.58,0.3333333333333333,8.422,0.16666666666666666,False
8.59,7.59,9.59,8.59,0.3333333333333333,8.431,0.16666666666666666,False
8.600000000000001,7.600000000000001,9.600000000000001,8.600000000000001,0.3333333333333333,8.440000000000001,0.16666666666666666,False
8.61,7.609999999999999,9.61,8.61,0.3333333333333333,8.449,0.16666666666666666,False
8.620000000000001,7.620000000000001,9.620000000000001,8.620000000000001,0.3333333333333333,8.458,0.16666666666666666,False
8.629999999999999,7.629999999999999,9.629999999999999,8.629999999999999,0.3333333333333333,8.466999999999999,0.16666666666666666,False
8.64,7.640000000000001,9.64,8.64,0.3333333333333333,8.476,0.16666666666666666,False
8.65,7.65,9.65,8.65,0.3333333333333333,8.485,0.16666666666666666,False
8.66,7.66,9.66,8.66,0.3333333333333333,8.494,0.16666666666666666,False
8.67,7.67,9.67,8.67,0.3333333333333333,8.503,0.16666666666666666,False
8.68,7.68,9.68,8.68,0.3333333333333333,8.512,0.16666666666666666,False
8.690000000000001,7.690000000000001,9.690000000000001,8.690000000000001,0.3333333333333333,8.521,0.16666666666666666,False
8.7,7.699999999999999,9.7,8.7,0.3333333333333333,8.53,0.16666666666666666,False
8.71,7.710000000000001,9.71,8.71,0.3333333333333333,8.539000000000001,0.16666666666666666,False
8.719999999999999,7.719999999999999,9.719999999999999,8.719999999999999,0.3333333333333333,8.547999999999998,0.16666666666666666,False
8.73,7.73,9.73,8.73,0.3333333333333333,8.557,0.16666666666666666,False
8.74,7.74,9.74,8.74,0.3333333333333333,8.566,0.16666666666666666,False
8.75,7.75,9.75,8.75,0.3333333333333333,8.575,0.16666666666666666,False
8.76,7.76,9.76,8.76,0.3333333333333333,8.584,0.16666666666666666,False
8.77,7.77,9.77,8.77,0.3333333333333333,8.593,0.16666666666666666,False
8.780000000000001,7.780000000000001,9.780000000000001,8.780000000000001,0.3333333333333333,8.602,0.16666666666666666,False
8.79,7.789999999999999,9.79,8.79,0.3333333333333333,8.610999999999999,0.16666666666666666,False
8.8,7.800000000000001,9.8,8.8,0.3333333333333333,8.620000000000001,0.16666666666666666,False
8.81,7.8100000000000005,9.81,8.81,0.3333333333333333,8.629,0.16666666666666666,False
8.82,7.82,9.82,8.82,0.3333333333333333,8.638,0.16666666666666666,False
8.83,7.83,9.83,8.83,0.3333333333333333,8.647,0.16666666666666666,False
8.84,7.84,9.84,8.84,0.3333333333333333,8.656,0.16666666666666666,False
8.850000000000001,7.850000000000001,9.850000000000001,8.850000000000001,0.3333333333333333,8.665000000000001,0.16666666666666666,False
8.86,7.859999999999999,9.86,8.86,0.3333333333333333,8.674,0.16666666666666666,False
8.870000000000001,7.870000000000001,9.870000000000001,8.870000000000001,0.3333333333333333,8.683000000000002,0.16666666666666666,False
8.879999999999999,7.879999999999999,9.879999999999999,8.879999999999999,0.3333333333333333,8.691999999999998,0.16666666666666666,False
8.89,7.890000000000001,9.89,8.89,0.3333333333333333,8.701,0.16666666666666666,False
8.9,7.9,9.9,8.9,0.3333333333333333,8.709999999999999,0.16666666666666666,False
8.91,7.91,9.91,8.91,0.3333333333333333,8.719,0.16666666666666666,False
8.92,7.92,9.92,8.92,0.3333333333333333,8.728,0.16666666666666666,False
8.93,7.93,9.93,8.93,0.3333333333333333,8.737,0.16666666666666666,False
8.940000000000001,7.940000000000001,9.940000000000001,8.940000000000001,0.3333333333333333,8.746,0.16666666666666666,False
8.95,7.949999999999999,9.95,8.95,0.3333333333333333,8.754999999999999,0.16666666666666666,False
8.96,7.960000000000001,9.96,8.96,0.3333333333333333,8.764000000000001,0.16666666666666666,False
8.969999999999999,7.969999999999999,9.969999999999999,8.969999999999999,0.3333333333333333,8.772999999999998,0.16666666666666666,False
8.98,7.98,9.98,8.98,0.3333333333333333,8.782,0.16666666666666666,False
8.99,7.99,9.99,8.99,0.3333333333333333,8.791,0.16666666666666666,False
9.0,8.0,10.0,9.0,0.3333333333333333,8.799999999999999,0.16666666666666666,False
9.01,8.01,10.0,9.004999999999999,0.3300083333333334,8.809,0.16583333333333336,False
9.02,8.02,10.0,9.01,0.32670000000000016,8.818,0.16500000000000004,False
9.030000000000001,8.030000000000001,10.0,9.015,0.32340833333333296,8.827,0.16416666666666657,False
9.04,8.04,10.0,9.02,0.3201333333333336,8.835999999999999,0.1633333333333334,False
9.05,8.05,10.0,9.025,0.31687499999999974,8.845,0.16249999999999995,False
9.06,8.06,10.0,9.030000000000001,0.31363333333333315,8.854,0.16166666666666663,False
9.07,8.07,10.0,9.035,0.31040833333333323,8.863,0.1608333333333333,False
9.08,8.08,10.0,9.04,0.3072,8.872,0.16,False
9.09,8.09,10.0,9.045,0.3040083333333334,8.881,0.15916666666666668,False
9.100000000000001,8.100000000000001,10.0,9.05,0.3008333333333329,8.89,0.15833333333333321,False
9.11,8.11,10.0,9.055,0.2976750000000002,8.899,0.15750000000000006,False
9.120000000000001,8.120000000000001,10.0,9.06,0.29453333333333304,8.908000000000001,0.1566666666666666,False
9.129999999999999,8.129999999999999,10.0,9.065,0.29140833333333366,8.916999999999998,0.1558333333333334,False
9.14,8.14,10.0,9.07,0.28829999999999983,8.926,0.15499999999999994,False
9.15,8.15,10.0,9.075,0.28520833333333323,8.935,0.15416666666666665,False
9.16,8.16,10.0,9.08,0.2821333333333333,8.943999999999999,0.15333333333333332,False
9.17,8.17,10.0,9.085,0.279075,8.953,0.1525,False
9.18,8.18,10.0,9.09,0.2760333333333334,8.962,0.1516666666666667,False
9.190000000000001,8.190000000000001,10.0,9.095,0.27300833333333296,8.971,0.15083333333333324,False
9.2,8.2,10.0,9.1,0.2700000000000002,8.979999999999999,0.15000000000000005,False
9.21,8.21,10.0,9.105,0.26700833333333307,8.989,0.1491666666666666,False
9.219999999999999,8.219999999999999,10.0,9.11,0.2640333333333337,8.998,0.14833333333333343,False
9.23,8.23,10.0,9.115,0.2610749999999999,9.007,0.14749999999999996,False
9.24,8.24,10.0,9.120000000000001,0.25813333333333327,9.016,0.14666666666666664,False
9.25,8.25,10.0,9.125,0.2552083333333333,9.025,0.14583333333333334,False
9.26,8.26,10.0,9.129999999999999,0.2523000000000001,9.033999999999999,0.14500000000000002,False
9.27,8.27,10.0,9.135,0.24940833333333345,9.043,0.1441666666666667,False
9.280000000000001,8.280000000000001,10.0,9.14,0.24653333333333302,9.052000000000001,0.14333333333333323,False
9.29,8.29,10.0,9.145,0.24367500000000022,9.060999999999998,0.14250000000000007,False
9.3,8.3,10.0,9.15,0.24083333333333312,9.07,0.1416666666666666,False
9.31,8.31,10.0,9.155000000000001,0.23800833333333318,9.079,0.14083333333333328,False
9.32,8.32,10.0,9.16,0.23519999999999994,9.088,0.13999999999999999,False
9.33,8.33,10.0,9.165,0.23240833333333333,9.097,0.13916666666666666,False
9.34,8.34,10.0,9.17,0.22963333333333336,9.106,0.13833333333333334,False
9.350000000000001,8.350000000000001,10.0,9.175,0.2268749999999996,9.115,0.13749999999999987,False
9.36,8.36,10.0,9.18,0.2241333333333335,9.123999999999999,0.13666666666666671,False
9.370000000000001,8.370000000000001,10.0,9.185,0.22140833333333307,9.133000000000001,0.13583333333333325,False
9.379999999999999,8.379999999999999,10.0,9.19,0.21870000000000026,9.142,0.1350000000000001,False
9.39,8.39,10.0,9.195,0.21600833333333316,9.151,0.13416666666666663,False
9.4,8.4,10.0,9.2,0.21333333333333324,9.16,0.1333333333333333,False
9.41,8.41,10.0,9.205,0.21067499999999995,9.169,0.13249999999999998,False
9.42,8.42,10.0,9.21,0.20803333333333338,9.177999999999999,0.13166666666666668,False
9.43,8.43,10.0,9.215,0.20540833333333341,9.187,0.13083333333333336,False
9.440000000000001,8.440000000000001,10.0,9.22,0.20279999999999967,9.196000000000002,0.1299999999999999,False
9.45,8.45,10.0,9.225,0.20020833333333352,9.204999999999998,0.12916666666666674,False
9.46,8.46,10.0,9.23,0.1976333333333331,9.214,0.12833333333333327,False
9.469999999999999,8.469999999999999,10.0,9.235,0.1950750000000003,9.222999999999999,0.12750000000000009,False
9.48,8.48,10.0,9.24,0.19253333333333322,9.232,0.12666666666666662,False
9.49,8.49,10.0,9.245000000000001,0.1900083333333333,9.241,0.12583333333333332,False
9.5,8.5,10.0,9.25,0.1875,9.25,0.125,False
9.51,8.51,10.0,9.254999999999999,0.1850083333333334,9.258999999999999,0.12416666666666669,False
9.52,8.52,10.0,9.26,0.18253333333333344,9.267999999999999,0.12333333333333336,False
9.530000000000001,8.530000000000001,10.0,9.265,0.18007499999999974,9.277000000000001,0.1224999999999999,False
9.54,8.54,10.0,9.27,0.17763333333333353,9.286,0.12166666666666674,False
9.55,8.55,10.0,9.275,0.17520833333333316,9.295,0.12083333333333328,False
9.56,8.56,10.0,9.280000000000001,0.17279999999999987,9.304,0.11999999999999995,False
9.57,8.57,10.0,9.285,0.17040833333333327,9.313,0.11916666666666664,False
9.58,8.58,10.0,9.29,0.16803333333333334,9.322,0.11833333333333333,False
9.59,8.59,10.0,9.295,0.16567500000000004,9.331,0.11750000000000001,False
9.600000000000001,8.600000000000001,10.0,9.3,0.163333333333333,9.340000000000002,0.11666666666666654,False
9.61,8.61,10.0,9.305,0.16100833333333345,9.348999999999998,0.11583333333333339,False
9.620000000000001,8.620000000000001,10.0,9.31,0.15869999999999976,9.358,0.11499999999999992,False
9.629999999999999,8.629999999999999,10.0,9.315,0.15640833333333357,9.366999999999999,0.11416666666666675,False
9.64,8.64,10.0,9.32,0.1541333333333332,9.376,0.11333333333333329,False
9.65,8.65,10.0,9.325,0.15187499999999993,9.385,0.11249999999999998,False
9.66,8.66,10.0,9.33,0.1496333333333333,9.394,0.11166666666666665,False
9.67,8.67,10.0,9.335,0.14740833333333334,9.402999999999999,0.11083333333333334,False
9.68,8.68,10.0,9.34,0.14520000000000008,9.411999999999999,0.11000000000000003,False
9.690000000000001,8.690000000000001,10.0,9.345,0.14300833333333304,9.421000000000001,0.10916666666666656,False
9.7,8.7,10.0,9.35,0.1408333333333335,9.43,0.10833333333333339,False
9.71,8.71,10.0,9.355,0.1386749999999998,9.439,0.10749999999999993,False
9.719999999999999,8.719999999999999,10.0,9.36,0.1365333333333336,9.447999999999999,0.10666666666666676,False
9.73,8.73,10.0,9.365,0.13440833333333324,9.457,0.1058333333333333,False
9.74,8.74,10.0,9.370000000000001,0.13229999999999995,9.466,0.10499999999999998,False
9.75,8.75,10.0,9.375,0.13020833333333334,9.475,0.10416666666666667,False
9.76,8.76,10.0,9.379999999999999,0.12813333333333338,9.484,0.10333333333333335,False
9.77,8.77,10.0,9.385,0.12607500000000008,9.492999999999999,0.10250000000000004,False
9.780000000000001,8.780000000000001,10.0,9.39,0.1240333333333331,9.502,0.10166666666666657,False
9.79,8.79,10.0,9.395,0.1220083333333335,9.511,0.1008333333333334,False
9.8,8.8,10.0,9.4,0.11999999999999987,9.52,0.09999999999999994,False
9.81,8.81,10.0,9.405000000000001,0.11800833333333323,9.529,0.09916666666666663,False
9.82,8.82,10.0,9.41,0.11603333333333328,9.538,0.09833333333333331,False
9.83,8.83,10.0,9.415,0.11407499999999998,9.546999999999999,0.09749999999999999,False
9.84,8.84,10.0,9.42,0.11213333333333336,9.556,0.09666666666666668,False
9.850000000000001,8.850000000000001,10.0,9.425,0.11020833333333306,9.565000000000001,0.09583333333333321,False
9.86,8.86,10.0,9.43,0.1083000000000001,9.574,0.09500000000000004,False
9.870000000000001,8.870000000000001,10.0,9.435,0.10640833333333315,9.583,0.09416666666666658,False
9.879999999999999,8.879999999999999,10.0,9.44,0.10453333333333352,9.591999999999999,0.09333333333333342,False
9.89,8.89,10.0,9.445,0.10267499999999989,9.601,0.09249999999999996,False
9.9,8.9,10.0,9.45,0.10083333333333327,9.61,0.09166666666666663,False
9.91,8.91,10.0,9.455,0.09900833333333331,9.619,0.09083333333333332,False
9.92,8.92,10.0,9.46,0.09720000000000001,9.628,0.09000000000000001,False
9.93,8.93,10.0,9.465,0.09540833333333339,9.636999999999999,0.08916666666666669,False
9.940000000000001,8.940000000000001,10.0,9.47,0.09363333333333311,9.646,0.08833333333333322,False
9.95,8.95,10.0,9.475,0.09187500000000014,9.655,0.08750000000000006,False
9.96,8.96,10.0,9.48,0.09013333333333318,9.664,0.0866666666666666,False
9.969999999999999,8.969999999999999,10.0,9.485,0.08840833333333353,9.672999999999998,0.08583333333333343,False
9.98,8.98,10.0,9.49,0.08669999999999993,9.682,0.08499999999999996,False
9.99,8.99,10.0,9.495000000000001,0.0850083333333333,9.690999999999999,0.08416666666666665,False
10.0,9.0,10.0,9.5,0.08333333333333333,9.7,0.08333333333333333,False
10.01,9.01,10.0,9.504999999999999,0.08167500000000004,9.709,0.08250000000000002,False
10.02,9.02,10.0,9.51,0.0800333333333334,9.718,0.0816666666666667,False
10.030000000000001,9.030000000000001,10.0,9.515,0.07840833333333315,9.727,0.08083333333333324,False
10.04,9.04,10.0,9.52,0.07680000000000013,9.735999999999999,0.08000000000000007,False
10.05,9.05,10.0,9.525,0.07520833333333322,9.745000000000001,0.07916666666666661,False
10.06,9.06,10.0,9.530000000000001,0.07363333333333326,9.754,0.0783333333333333,False
10.07,9.07,10.0,9.535,0.07207499999999996,9.763,0.07749999999999997,False
10.08,9.08,10.0,9.54,0.07053333333333332,9.772,0.07666666666666666,False
10.09,9.09,10.0,9.545,0.06900833333333335,9.780999999999999,0.07583333333333335,False
10.100000000000001,9.100000000000001,10.0,9.55,0.06749999999999978,9.790000000000001,0.07499999999999989,False
10.11,9.11,10.0,9.555,0.06600833333333342,9.799,0.07416666666666671,False
10.120000000000001,9.120000000000001,10.0,9.56,0.06453333333333318,9.808,0.07333333333333325,False
10.129999999999999,9.129999999999999,10.0,9.565,0.06307500000000014,9.816999999999998,0.07250000000000008,False
10.14,9.14,10.0,9.57,0.061633333333333255,9.826,0.07166666666666661,False
10.15,9.15,10.0,9.575,0.06020833333333328,9.834999999999999,0.0708333333333333,False
10.16,9.16,10.0,9.58,0.058799999999999984,9.844,0.06999999999999999,False
10.17,9.17,10.0,9.585,0.05740833333333334,9.853,0.06916666666666667,False
10.18,9.18,10.0,9.59,0.05603333333333337,9.862,0.06833333333333336,False
10.190000000000001,9.190000000000001,10.0,9.595,0.05467499999999983,9.871,0.0674999999999999,False
10.2,9.2,10.0,9.6,0.05333333333333343,9.879999999999999,0.06666666666666672,False
10.21,9.21,10.0,9.605,0.05200833333333322,9.889000000000001,0.06583333333333326,False
10.219999999999999,9.219999999999999,10.0,9.61,0.050700000000000155,9.897999999999998,0.0650000000000001,False
10.23,9.23,10.0,9.615,0.049408333333333276,9.907,0.06416666666666664,False
10.24,9.24,10.0,9.620000000000001,0.048133333333333306,9.916,0.06333333333333331,False
10.25,9.25,10.0,9.625,0.046875,9.924999999999999,0.0625,False
10.26,9.26,10.0,9.629999999999999,0.04563333333333336,9.934,0.06166666666666668,False
10.27,9.27,10.0,9.635,0.04440833333333338,9.943,0.06083333333333337,False
10.280000000000001,9.280000000000001,10.0,9.64,0.04319999999999987,9.952,0.05999999999999991,False
10.29,9.29,10.0,9.645,0.04200833333333343,9.960999999999999,0.059166666666666735,False
10.3,9.3,10.0,9.65,0.04083333333333325,9.97,0.05833333333333327,False
10.31,9.31,10.0,9.655000000000001,0.03967499999999994,9.979,0.05749999999999996,False
10.32,9.32,10.0,9.66,0.0385333333333333,9.988,0.05666666666666664,False
10.33,9.33,10.0,9.665,0.03740833333333333,9.997,0.055833333333333325,False
10.34,9.34,10.0,9.67,0.03630000000000002,10.006,0.055000000000000014,False
10.350000000000001,9.350000000000001,10.0,9.675,0.03520833333333318,10.015,0.05416666666666655,False
10.36,9.36,10.0,9.68,0.0341333333333334,10.024,0.05333333333333338,False
10.370000000000001,9.370000000000001,10.0,9.685,0.033074999999999896,10.033000000000001,0.052499999999999915,False
10.379999999999999,9.379999999999999,10.0,9.69,0.032033333333333434,10.041999999999998,0.05166666666666675,False
10.39,9.39,10.0,9.695,0.031008333333333277,10.051,0.050833333333333286,False
10.4,9.4,10.0,9.7,0.029999999999999968,10.06,0.04999999999999997,False
10.41,9.41,10.0,9.705,0.02900833333333332,10.068999999999999,0.04916666666666666,False
10.42,9.42,10.0,9.71,0.02803333333333334,10.078,0.04833333333333334,False
10.43,9.43,10.0,9.715,0.027075000000000026,10.087,0.04750000000000002,False
10.440000000000001,9.440000000000001,10.0,9.72,0.026133333333333213,10.096,0.04666666666666656,False
10.45,9.45,10.0,9.725,0.0252083333333334,10.104999999999999,0.04583333333333339,False
10.46,9.46,10.0,9.73,0.024299999999999922,10.114,0.04499999999999993,False
10.469999999999999,9.469999999999999,10.0,9.735,0.023408333333333434,10.123,0.044166666666666764,False
10.48,9.48,10.0,9.74,0.022533333333333294,10.132,0.0433333333333333,False
10.49,9.49,10.0,9.745000000000001,0.021674999999999982,10.141,0.04249999999999998,False
10.5,9.5,10.0,9.75,0.020833333333333332,10.15,0.041666666666666664,False
10.51,9.51,10.0,9.754999999999999,0.02000833333333335,10.158999999999999,0.04083333333333335,False
10.52,9.52,10.0,9.76,0.019200000000000033,10.168,0.040000000000000036,False
10.530000000000001,9.530000000000001,10.0,9.765,0.018408333333333245,10.177000000000001,0.03916666666666657,False
10.54,9.54,10.0,9.77,0.0176333333333334,10.185999999999998,0.03833333333333341,False
10.55,9.55,10.0,9.775,0.016874999999999946,10.195,0.03749999999999994,False
10.56,9.56,10.0,9.780000000000001,0.016133333333333295,10.204,0.036666666666666625,False
10.57,9.57,10.0,9.785,0.015408333333333314,10.213,0.03583333333333331,False
10.58,9.58,10.0,9.79,0.014699999999999996,10.222,0.034999999999999996,False
10.59,9.59,10.0,9.795,0.014008333333333343,10.231,0.03416666666666668,False
10.600000000000001,9.600000000000001,10.0,9.8,0.013333333333333239,10.24,0.033333333333333215,False
10.61,9.61,10.0,9.805,0.012675000000000039,10.248999999999999,0.03250000000000005,False
10.620000000000001,9.620000000000001,10.0,9.81,0.012033333333333271,10.258000000000001,0.031666666666666586,False
10.629999999999999,9.629999999999999,10.0,9.815,0.011408333333333395,10.267,0.030833333333333417,False
10.64,9.64,10.0,9.82,0.010799999999999968,10.276,0.029999999999999954,False
10.65,9.65,10.0,9.825,0.010208333333333312,10.285,0.029166666666666636,False
10.66,9.66,10.0,9.83,0.009633333333333325,10.294,0.02833333333333332,False
10.67,9.67,10.0,9.835,0.009075000000000005,10.302999999999999,0.027500000000000007,False
10.68,9.68,10.0,9.84,0.00853333333333335,10.312,0.02666666666666669,False
10.690000000000001,9.690000000000001,10.0,9.845,0.008008333333333268,10.321000000000002,0.025833333333333226,False
10.7,9.7,10.0,9.85,0.007500000000000035,10.329999999999998,0.02500000000000006,False
10.71,9.71,10.0,9.855,0.007008333333333293,10.339,0.024166666666666597,False
10.719999999999999,9.719999999999999,10.0,9.86,0.006533333333333387,10.347999999999999,0.023333333333333428,False
10.73,9.73,10.0,9.865,0.006074999999999981,10.357,0.022499999999999964,False
10.74,9.74,10.0,9.870000000000001,0.0056333333333333235,10.366,0.02166666666666665,False
10.75,9.75,10.0,9.875,0.005208333333333333,10.375,0.020833333333333332,False
10.76,9.76,10.0,9.879999999999999,0.004800000000000008,10.383999999999999,0.020000000000000018,False
10.77,9.77,10.0,9.885,0.00440833333333335,10.392999999999999,0.019166666666666703,False
10.780000000000001,9.780000000000001,10.0,9.89,0.004033333333333292,10.402000000000001,0.01833333333333324,False
10.79,9.79,10.0,9.895,0.0036750000000000302,10.411,0.01750000000000007,False
10.8,9.8,10.0,9.9,0.0033333333333333097,10.42,0.016666666666666607,False
10.81,9.81,10.0,9.905000000000001,0.0030083333333333177,10.429,0.015833333333333293,False
10.82,9.82,10.0,9.91,0.002699999999999992,10.438,0.014999999999999977,False
10.83,9.83,10.0,9.915,0.0024083333333333313,10.447,0.01416666666666666,False
10.84,9.84,10.0,9.92,0.0021333333333333373,10.456,0.013333333333333345,False
10.850000000000001,9.850000000000001,10.0,9.925,0.0018749999999999644,10.465000000000002,0.012499999999999881,False
10.86,9.86,10.0,9.93,0.0016333333333333467,10.473999999999998,0.011666666666666714,False
10.870000000000001,9.870000000000001,10.0,9.935,0.0014083333333333118,10.483,0.01083333333333325,False
10.879999999999999,9.879999999999999,10.0,9.94,0.0012000000000000198,10.491999999999999,0.010000000000000083,False
10.89,9.89,10.0,9.945,0.001008333333333323,10.501,0.00916666666666662,False
10.9,9.9,10.0,9.95,0.0008333333333333274,10.51,0.008333333333333304,False
10.91,9.91,10.0,9.955,0.000674999999999998,10.519,0.0074999999999999884,False
10.92,9.92,10.0,9.96,0.0005333333333333343,10.527999999999999,0.006666666666666672,False
10.93,9.93,10.0,9.965,0.00040833333333333666,10.536999999999999,0.005833333333333357,False
10.940000000000001,9.940000000000001,10.0,9.97,0.0002999999999999872,10.546000000000001,0.004999999999999893,False
10.95,9.95,10.0,9.975,0.00020833333333333926,10.555,0.004166666666666726,False
10.96,9.96,10.0,9.98,0.00013333333333332765,10.564,0.0033333333333332624,False
10.969999999999999,9.969999999999999,10.0,9.985,7.500000000000569e-05,10.572999999999999,0.0025000000000000946,False
10.98,9.98,10.0,9.99,3.333333333333191e-05,10.582,0.0016666666666666312,False
10.99,9.99,10.0,9.995000000000001,8.333333333332978e-06,10.591,0.0008333333333333156,False
11.0,10.0,10.0,10.0,0.0,10.6,0.0,True
