replicate,mean,lower,upper,covers_mu
1,4.491658776503533,3.707658776503533,5.2756587765035325,True
2,4.609261833922378,3.8252618339223785,5.393261833922378,True
3,5.0195513948336075,4.235551394833608,5.803551394833607,True
4,4.954302119527448,4.170302119527448,5.7383021195274475,True
5,4.483885251204828,3.6998852512048286,5.267885251204828,True
6,5.4000532400205286,4.616053240020529,6.184053240020528,True
7,4.843209662129983,4.059209662129983,5.6272096621299825,True
8,5.362607244518978,4.578607244518978,6.146607244518978,True
9,4.9478567512830285,4.163856751283029,5.731856751283028,True
10,4.565582749946846,3.781582749946846,5.349582749946846,True
11,4.5687523642607335,3.7847523642607337,5.352752364260733,True
12,4.499712794642427,3.7157127946424273,5.283712794642427,True
13,4.284900025069977,3.500900025069977,5.0689000250699765,True
14,5.067951270144898,4.2839512701448985,5.851951270144898,True
15,5.167527309328136,4.383527309328136,5.951527309328136,True
16,5.150672176290774,4.366672176290774,5.934672176290774,True
17,5.38239590706263,4.59839590706263,6.16639590706263,True
18,5.381240184642916,4.597240184642916,6.165240184642916,True
19,4.7026271294453545,3.9186271294453547,5.486627129445354,True
20,4.943123036391594,4.159123036391594,5.7271230363915935,True
21,4.958193929896275,4.174193929896275,5.742193929896275,True
22,4.663858782224181,3.879858782224181,5.447858782224181,True
23,4.9083800154688095,4.12438001546881,5.692380015468809,True
24,5.259947084439559,4.475947084439559,6.043947084439559,True
