replicate,observation,x
1,1,6.312448180765409
1,2,4.533752890186351
1,3,3.191944695133434
1,4,4.096557213841604
1,5,4.883478954140508
1,6,4.57903722689752
1,7,3.8682118876472025
1,8,2.1697192216776355
1,9,3.3211779537634127
1,10,7.4656867029197915
1,11,2.0841083905230913
1,12,4.344385833888049
1,13,5.968647125703713
1,14,2.71879435315317
1,15,3.1664432723580638
1,16,7.214597102229239
1,17,4.783523100367129
1,18,6.263227753724703
1,19,0.6114728097963518
1,20,3.4942522139208485
1,21,1.511074482992242
1,22,7.466289812041362
1,23,6.208199331281221
1,24,7.022365389765975
1,25,5.01207351387028
2,1,4.612471653444143
2,2,5.3659643178937415
2,3,6.826434050677536
2,4,6.55750500676461
2,5,5.029934828786317
2,6,4.576979631032936
2,7,5.852563286838601
2,8,2.271821869897866
2,9,5.04637176473787
2,10,7.101978332944855
2,11,4.396770170130093
2,12,5.419548912005562
2,13,4.544131466536089
2,14,6.09913439985366
2,15,4.280734877866558
2,16,1.8140134202186964
2,17,3.051398758323707
2,18,4.439500558237564
2,19,3.343289254934956
2,20,5.326441289834227
2,21,3.6337466487368113
2,22,1.4313996732274492
2,23,6.069352252190559
2,24,5.928569240925606
2,25,2.2114901820194617
3,1,7.69407220459968
3,2,4.631056842834178
3,3,2.960862838503557
3,4,3.9669883032470565
3,5,6.161352392821092
3,6,2.985484019214646
3,7,5.767498436476892
3,8,6.186758966196863
3,9,3.0551110056258644
3,10,5.674735437115935
3,11,5.28064616084362
3,12,4.231912844774347
3,13,4.8389041359699725
3,14,5.328809136949849
3,15,3.0738616914952455
3,16,3.696238610199628
3,17,8.835123185863496
3,18,2.9688586989430843
3,19,4.977720291912652
3,20,5.926735600963653
3,21,5.657288049985854
3,22,3.9232590864880788
3,23,6.526539668446731
3,24,4.880074761215142
3,25,6.258892500153084
4,1,4.222737532067497
4,2,4.661813973567424
4,3,6.941860470582245
4,4,2.682888521507642
4,5,9.260314412683464
4,6,4.1992136133365925
4,7,6.826793229279427
4,8,5.690748807088327
4,9,1.7438725000919866
4,10,4.0510624406032765
4,11,0.0720045997525185
4,12,5.800390415427384
4,13,2.617805465926581
4,14,8.443922226766063
4,15,5.315845513153754
4,16,5.739119023643425
4,17,2.0450366273724248
4,18,4.597849758474707
4,19,6.240128695006207
4,20,6.491352723737707
4,21,1.7435881244192193
4,22,6.182187735195841
4,23,4.780450343924775
4,24,7.774751945814872
4,25,5.731814288762837
5,1,4.970451505486338
5,2,6.296419602570845
5,3,2.728040149682131
5,4,0.5775588954007951
5,5,5.9074847923401625
5,6,1.9450004244802876
5,7,3.5338416507399213
5,8,6.550686038513455
5,9,5.773234222446068
5,10,4.74686548558669
5,11,2.963410107713011
5,12,8.403210901143753
5,13,3.2841656450151078
5,14,4.601510194522369
5,15,6.026920968561813
5,16,5.080097259283811
5,17,2.2399375032243483
5,18,6.2192036694354975
5,19,5.602119962187477
5,20,3.3879966300622133
5,21,4.415885564094234
5,22,6.297177349188746
5,23,4.860801955261762
5,24,0.9674905117322954
5,25,4.7176202914475915
6,1,10.769183046472309
6,2,7.9562564470480766
6,3,4.1375448655145615
6,4,2.856414357270347
6,5,5.93251868331784
6,6,6.397868705242798
6,7,3.822320873236648
6,8,6.750803076261132
6,9,4.295149649188524
6,10,5.63514475441698
6,11,7.732183029550133
6,12,6.620896305477857
6,13,3.7801801477715173
6,14,6.039824353649667
6,15,5.935467400534025
6,16,3.7260810629352275
6,17,5.825823163387974
6,18,2.5495337455600797
6,19,5.554387435092533
6,20,6.670322687129234
6,21,5.565665502055493
6,22,4.015382457917474
6,23,3.8049663794570066
6,24,3.399044076440518
6,25,5.228368795585224
7,1,5.755259997748118
7,2,4.384149665016163
7,3,2.5168375075304223
7,4,5.488380329827256
7,5,5.07033824657101
7,6,2.84509915061037
7,7,1.5601330857967994
7,8,4.133085420053403
7,9,7.534384485741616
7,10,1.9964193729943749
7,11,4.465602738880316
7,12,3.98660722270101
7,13,4.794666057824369
7,14,3.9467263519907148
7,15,3.522197379805668
7,16,2.834334322485435
7,17,8.00870770730134
7,18,7.853144307032855
7,19,9.090403695575741
7,20,3.73401707822883
7,21,1.9797267535346084
7,22,4.952556764524797
7,23,8.715106709113767
7,24,5.363216919666544
7,25,6.5491402826940535
8,1,5.778126694184316
8,2,4.130763664075635
8,3,6.55011232772917
8,4,5.425178645305319
8,5,2.9551441629790443
8,6,6.5572890691098715
8,7,2.8855447016965767
8,8,4.277846568155411
8,9,7.359330760854252
8,10,5.334276806463752
8,11,3.6273146002469305
8,12,5.075982791638105
8,13,6.912643889284613
8,14,2.4229037553853336
8,15,6.409565298389127
8,16,5.323984216032146
8,17,7.681257168098632
8,18,5.119605493735686
8,19,2.7789910332729244
8,20,5.81007780347244
8,21,7.859092591278909
8,22,5.963042535390324
8,23,5.242301520039575
8,24,8.04351194757075
8,25,4.541293068585604
9,1,4.132314697442021
9,2,6.047146129401594
9,3,4.056939596076221
9,4,6.349551590050326
9,5,4.922837827894782
9,6,3.489422534961707
9,7,3.95214063877064
9,8,6.762502872954947
9,9,3.374752957613439
9,10,5.600198003609852
9,11,3.91939149658537
9,12,7.199498058071255
9,13,5.6171381264306
9,14,6.907673741948348
9,15,5.07992996522633
9,16,3.5719605518685933
9,17,8.76076675409854
9,18,0.7128644423948503
9,19,2.204036292113809
9,20,4.727304861636391
9,21,1.9527795354616098
9,22,5.2405227586635785
9,23,7.340377286046454
9,24,4.456912033412326
9,25,7.3174560293421305
10,1,7.37418089875171
10,2,5.025362154708487
10,3,4.544710396349618
10,4,6.21719590870488
10,5,0.371080755915413
10,6,5.2604639133617
10,7,5.061178313459743
10,8,4.4520437984250245
10,9,3.845037234191996
10,10,3.6582034616384274
10,11,4.668473909418772
10,12,2.06839212148593
10,13,6.020563236273206
10,14,4.980222002021415
10,15,4.388562681611431
10,16,7.781746874877131
10,17,7.066807316618929
10,18,3.8630733881112813
10,19,5.833054772669233
10,20,2.1222265874829254
10,21,5.843076500561459
10,22,5.759823116154702
10,23,3.4272481937127752
10,24,2.9258733045201257
10,25,1.5809679076448409
11,1,4.143436028120592
11,2,3.015956154102775
11,3,4.621357353930736
11,4,6.049967197601208
11,5,7.302166347567438
11,6,4.725253385708819
11,7,3.8587636162413985
11,8,4.014513032809575
11,9,5.03377694280037
11,10,5.634923924719535
11,11,4.972622546589311
11,12,4.278232118053747
11,13,6.168820960553922
11,14,1.4305032277036136
11,15,1.1724891297935458
11,16,5.479312580048828
11,17,7.833502834122207
11,18,2.9908965723886647
11,19,4.20443518536548
11,20,2.1259723650515383
11,21,6.744181996613969
11,22,3.239559504193789
11,23,6.054743119473438
11,24,3.7647523304974166
11,25,5.358670652466436
12,1,7.204005733682251
12,2,3.773256425558702
12,3,4.333804723633042
12,4,2.638303818574586
12,5,3.231279408072524
12,6,4.38202399435731
12,7,6.029092786744587
12,8,3.854826374739411
12,9,8.533855551477366
12,10,2.802732652904268
12,11,4.6261175921850155
12,12,5.744838932640691
12,13,4.978611281388423
12,14,3.1627239862942473
12,15,4.70526414410957
12,16,6.992352892077368
12,17,3.137074332097121
12,18,5.217941433553378
12,19,2.5767999531481354
12,20,7.153204849485897
12,21,2.077548210407156
12,22,3.654880799098521
12,23,4.567420956855435
12,24,5.859297049189953
12,25,1.255561983785698
13,1,3.985542027160189
13,2,5.798324007426262
13,3,3.623482529090162
13,4,0.7125207990886198
13,5,4.702553222303318
13,6,2.3935170027628714
13,7,7.6310696256355675
13,8,8.03006778497981
13,9,0.3566852898180528
13,10,1.1843101797220523
13,11,4.482390440196866
13,12,7.4445425596417945
13,13,5.0999350698309485
13,14,4.704246204327831
13,15,5.0289947037413985
13,16,2.7118011045542945
13,17,5.066875251319463
13,18,3.383519409039467
13,19,7.3662111499668885
13,20,4.654635296177148
13,21,-0.14550566142814159
13,22,5.421051275225075
13,23,5.567435892052846
13,24,2.0218472392407625
13,25,5.896448224875887
14,1,4.781043672575958
14,2,3.875389439124174
14,3,6.06675146029564
14,4,3.066527128205453
14,5,6.2099894447809
14,6,3.405709515829778
14,7,7.896773256529949
14,8,4.753304781180091
14,9,5.665608392767705
14,10,5.7112128315713475
14,11,6.271327587295218
14,12,4.575879034707569
14,13,3.451335797338471
14,14,8.121007742734799
14,15,3.7875756289727756
14,16,3.1501160323489037
14,17,3.481973239068068
14,18,7.12900592349151
14,19,6.339365838518366
14,20,4.808878516285397
14,21,5.972575163487896
14,22,5.786054917435337
14,23,4.413082456496005
14,24,2.9863054089732057
14,25,4.991988543607931
15,1,6.076991604235189
15,2,6.571113920303971
15,3,7.341241885321164
15,4,10.050094709267203
15,5,6.505663547263694
15,6,5.030264648044274
15,7,5.682194062376077
15,8,4.972469390698246
15,9,2.621397064928516
15,10,4.171827854335072
15,11,1.18246664889005
15,12,3.033829191480482
15,13,7.266906106710287
15,14,4.0837844437760245
15,15,3.5654135695342406
15,16,5.406180770670423
15,17,3.9868297996406916
15,18,6.238391669195591
15,19,3.476464138002512
15,20,6.60184156698993
15,21,2.7965087043889003
15,22,6.072237400781934
15,23,5.550918924595985
15,24,5.585123708490241
15,25,5.318027403282721
16,1,7.424475214060738
16,2,3.901877915653013
16,3,3.376859616937576
16,4,5.440521417104789
16,5,3.3984133031254142
16,6,6.11560785518323
16,7,2.36343348457847
16,8,1.4080741881080194
16,9,3.4062973780360117
16,10,6.234283500987427
16,11,5.681900559770065
16,12,2.9155983240391046
16,13,5.200870757639811
16,14,4.768734199339186
16,15,5.591162770146538
16,16,9.822794655299605
16,17,4.930188931326532
16,18,4.262937725567285
16,19,5.05622364423491
16,20,7.92348799736388
16,21,6.216185599260651
16,22,6.7232980570071685
16,23,5.7498319112115635
16,24,7.5118982057231785
16,25,3.341847195565183
17,1,3.9632721484648643
17,2,3.584171374586048
17,3,5.377819334178318
17,4,6.389029467003144
17,5,5.131206566229293
17,6,8.586745082936226
17,7,7.92645653920248
17,8,6.504132932612551
17,9,4.8671760421293575
17,10,5.416491365795483
17,11,5.634930545838597
17,12,0.3822186885415704
17,13,6.215394606873514
17,14,5.873286923008789
17,15,4.84579066877899
17,16,8.409520405124098
17,17,5.472157086791284
17,18,6.750877635761626
17,19,2.6103797537087696
17,20,4.2110800743169055
17,21,3.98044481305922
17,22,5.182143467736354
17,23,3.831966470259121
17,24,7.348017635184144
17,25,6.065188048445009
18,1,7.314089533589161
18,2,3.7404328831524265
18,3,8.613711473569492
18,4,5.615384869710295
18,5,3.434146434288992
18,6,5.072403011917805
18,7,10.239040111582067
18,8,4.784138562082466
18,9,5.632980290625232
18,10,8.361472060177254
18,11,2.4919440840646336
18,12,4.793399464432164
18,13,7.845923033081451
18,14,6.825991411799896
18,15,5.327154109543822
18,16,-1.3932866853621482
18,17,5.205698570686194
18,18,6.70490626043954
18,19,6.007872940323151
18,20,2.4187935727637755
18,21,7.640708872547666
18,22,5.022032079147342
18,23,4.760633782461944
18,24,2.572891009976437
18,25,5.498542879471847
19,1,3.376796766869271
19,2,4.487832934551947
19,3,7.041349168867678
19,4,4.8775993713039405
19,5,2.5742821715886843
19,6,5.545168078769303
19,7,5.835275577705928
19,8,3.0587156299844946
19,9,5.0509531337049
19,10,5.180395848777882
19,11,3.756279567448132
19,12,8.639854440468097
19,13,3.507732392141579
19,14,2.1790320062790833
19,15,6.034625138122781
19,16,8.207679545389901
19,17,7.899072979757733
19,18,1.2002766955698196
19,19,5.160840284200951
19,20,1.7432179443932014
19,21,6.905301138524564
19,22,6.333529155971526
19,23,2.1788307132490705
19,24,6.553458197151935
19,25,0.23757935534146934
20,1,6.113870141633389
20,2,1.7323745189234807
20,3,6.404629205099564
20,4,9.288225548897003
20,5,0.7239857577773572
20,6,4.110954146460097
20,7,3.3813690287845395
20,8,7.171050827884031
20,9,6.682853397587914
20,10,4.376254015422169
20,11,4.5562708832904795
20,12,5.842499555259113
20,13,4.132925644777387
20,14,3.9844729447515994
20,15,5.7057510794767925
20,16,5.523518736726905
20,17,5.675946085478281
20,18,7.218324332575417
20,19,1.8777646930431806
20,20,3.937565704411458
20,21,8.15712145737733
20,22,5.7355586764746995
20,23,2.9367271623491367
20,24,3.2576143400726805
20,25,5.050448025255837
21,1,6.344836160948713
21,2,7.836057816319895
21,3,2.863709331476155
21,4,3.1900008927068684
21,5,5.10608738814984
21,6,6.2289784466171705
21,7,4.352682534694868
21,8,3.3249745101383446
21,9,3.890533401995909
21,10,5.323213260521141
21,11,4.64141606413443
21,12,0.26335821408169924
21,13,7.082807649321882
21,14,7.112932588538956
21,15,5.585956567356596
21,16,7.780252267716955
21,17,4.27097686358998
21,18,4.481268254753537
21,19,4.334734936801281
21,20,2.6566259821809726
21,21,7.1765814816955675
21,22,7.635716649990478
21,23,5.850345604918109
21,24,1.7019355805338394
21,25,4.9188657982236945
22,1,5.679305572213184
22,2,3.901697112614136
22,3,2.9392271901470854
22,4,6.00179059353507
22,5,2.5394515600532004
22,6,5.426927334510818
22,7,3.2690767083616707
22,8,3.3380677837548056
22,9,1.404458373503377
22,10,7.046688232435066
22,11,5.013010954213514
22,12,3.9567393029115134
22,13,4.807127097314316
22,14,3.720400749987025
22,15,6.02790625092551
22,16,2.1521866560986385
22,17,3.569869664100458
22,18,7.0547422872887315
22,19,4.976552407924955
22,20,4.722082137976631
22,21,6.371915661008787
22,22,4.3233528214713415
22,23,10.305439038184991
22,24,7.026471295200865
22,25,1.0219827698688255
23,1,6.8940711496057405
23,2,6.800971802923032
23,3,2.200676214950833
23,4,6.783749460142129
23,5,7.361263550516089
23,6,8.16698059074235
23,7,5.505686460579696
23,8,4.819687562724529
23,9,6.70017300535323
23,10,4.93856440680803
23,11,6.025841677899426
23,12,3.769107225201952
23,13,2.099031215429628
23,14,1.7940818885664158
23,15,5.198663432657476
23,16,3.0715351240418336
23,17,6.154137697092081
23,18,1.454618299448808
23,19,6.470155842330086
23,20,6.803956360668397
23,21,4.406776497377246
23,22,6.579033397674808
23,23,0.5180344142624635
23,24,4.217564230872714
23,25,3.975138878851233
24,1,7.162747989139605
24,2,4.331867629241197
24,3,5.521397367885715
24,4,2.4610215103301196
24,5,4.649316829777162
24,6,3.417081590959626
24,7,6.3116425816844695
24,8,5.5421989590182
24,9,2.880136128223759
24,10,7.7128971432401485
24,11,5.671223612677437
24,12,7.723528598349128
24,13,2.2332825061924204
24,14,6.587999744822193
24,15,6.8548728949033615
24,16,7.9638435655782915
24,17,5.225201818395293
24,18,4.749345110928349
24,19,5.914904623142181
24,20,4.078623483689484
24,21,2.605016984265406
24,22,3.8168614031275414
24,23,5.471568896493344
24,24,5.247251072786981
24,25,7.364845066137561
